<?xml version='1.0' encoding='utf-8'?>
<COLLADA xmlns="http://www.collada.org/2005/11/COLLADASchema" version="1.4.1">
  <asset>
    <contributor><authoring_tool>Codex WRL to DAE converter</authoring_tool></contributor>
    <unit name="meter" meter="1" />
    <up_axis>Z_UP</up_axis>
  </asset>
  <library_effects>

      <effect id="effect_000">
        <profile_COMMON>
          <technique sid="common">
            <lambert>
              <diffuse><color>0.894118 0.894118 0.894118 1.000000</color></diffuse>
            </lambert>
          </technique>
        </profile_COMMON>
      </effect>

      <effect id="effect_001">
        <profile_COMMON>
          <technique sid="common">
            <lambert>
              <diffuse><color>0.341176 0.839216 0.411765 1.000000</color></diffuse>
            </lambert>
          </technique>
        </profile_COMMON>
      </effect>

      <effect id="effect_002">
        <profile_COMMON>
          <technique sid="common">
            <lambert>
              <diffuse><color>0.341176 0.839216 0.411765 1.000000</color></diffuse>
            </lambert>
          </technique>
        </profile_COMMON>
      </effect>

      <effect id="effect_003">
        <profile_COMMON>
          <technique sid="common">
            <lambert>
              <diffuse><color>1.000000 0.549020 0.000000 1.000000</color></diffuse>
            </lambert>
          </technique>
        </profile_COMMON>
      </effect>

      <effect id="effect_004">
        <profile_COMMON>
          <technique sid="common">
            <lambert>
              <diffuse><color>0.039216 0.490196 0.709804 1.000000</color></diffuse>
            </lambert>
          </technique>
        </profile_COMMON>
      </effect>

      <effect id="effect_005">
        <profile_COMMON>
          <technique sid="common">
            <lambert>
              <diffuse><color>0.039216 0.490196 0.709804 1.000000</color></diffuse>
            </lambert>
          </technique>
        </profile_COMMON>
      </effect>

      <effect id="effect_006">
        <profile_COMMON>
          <technique sid="common">
            <lambert>
              <diffuse><color>1.000000 0.549020 0.000000 1.000000</color></diffuse>
            </lambert>
          </technique>
        </profile_COMMON>
      </effect>

      <effect id="effect_007">
        <profile_COMMON>
          <technique sid="common">
            <lambert>
              <diffuse><color>1.000000 0.549020 0.000000 1.000000</color></diffuse>
            </lambert>
          </technique>
        </profile_COMMON>
      </effect>

      <effect id="effect_008">
        <profile_COMMON>
          <technique sid="common">
            <lambert>
              <diffuse><color>1.000000 0.549020 0.000000 1.000000</color></diffuse>
            </lambert>
          </technique>
        </profile_COMMON>
      </effect>

      <effect id="effect_009">
        <profile_COMMON>
          <technique sid="common">
            <lambert>
              <diffuse><color>1.000000 0.549020 0.000000 1.000000</color></diffuse>
            </lambert>
          </technique>
        </profile_COMMON>
      </effect>

      <effect id="effect_010">
        <profile_COMMON>
          <technique sid="common">
            <lambert>
              <diffuse><color>1.000000 0.549020 0.000000 1.000000</color></diffuse>
            </lambert>
          </technique>
        </profile_COMMON>
      </effect>

      <effect id="effect_011">
        <profile_COMMON>
          <technique sid="common">
            <lambert>
              <diffuse><color>0.341176 0.839216 0.411765 1.000000</color></diffuse>
            </lambert>
          </technique>
        </profile_COMMON>
      </effect>

      <effect id="effect_012">
        <profile_COMMON>
          <technique sid="common">
            <lambert>
              <diffuse><color>0.341176 0.839216 0.411765 1.000000</color></diffuse>
            </lambert>
          </technique>
        </profile_COMMON>
      </effect>

      <effect id="effect_013">
        <profile_COMMON>
          <technique sid="common">
            <lambert>
              <diffuse><color>0.341176 0.839216 0.411765 1.000000</color></diffuse>
            </lambert>
          </technique>
        </profile_COMMON>
      </effect>

      <effect id="effect_014">
        <profile_COMMON>
          <technique sid="common">
            <lambert>
              <diffuse><color>0.341176 0.839216 0.411765 1.000000</color></diffuse>
            </lambert>
          </technique>
        </profile_COMMON>
      </effect>

      <effect id="effect_015">
        <profile_COMMON>
          <technique sid="common">
            <lambert>
              <diffuse><color>0.341176 0.839216 0.411765 1.000000</color></diffuse>
            </lambert>
          </technique>
        </profile_COMMON>
      </effect>
  </library_effects>
  <library_materials>
    <material id="mat_000" name="mat_000"><instance_effect url="#effect_000" /></material>
<material id="mat_001" name="mat_001"><instance_effect url="#effect_001" /></material>
<material id="mat_002" name="mat_002"><instance_effect url="#effect_002" /></material>
<material id="mat_003" name="mat_003"><instance_effect url="#effect_003" /></material>
<material id="mat_004" name="mat_004"><instance_effect url="#effect_004" /></material>
<material id="mat_005" name="mat_005"><instance_effect url="#effect_005" /></material>
<material id="mat_006" name="mat_006"><instance_effect url="#effect_006" /></material>
<material id="mat_007" name="mat_007"><instance_effect url="#effect_007" /></material>
<material id="mat_008" name="mat_008"><instance_effect url="#effect_008" /></material>
<material id="mat_009" name="mat_009"><instance_effect url="#effect_009" /></material>
<material id="mat_010" name="mat_010"><instance_effect url="#effect_010" /></material>
<material id="mat_011" name="mat_011"><instance_effect url="#effect_011" /></material>
<material id="mat_012" name="mat_012"><instance_effect url="#effect_012" /></material>
<material id="mat_013" name="mat_013"><instance_effect url="#effect_013" /></material>
<material id="mat_014" name="mat_014"><instance_effect url="#effect_014" /></material>
<material id="mat_015" name="mat_015"><instance_effect url="#effect_015" /></material>
  </library_materials>
  <library_geometries>

      <geometry id="geom_000" name="material_000">
        <mesh>
          <source id="geom_000_positions">
            <float_array id="geom_000_positions_array" count="564">-3.861588 1.006394 0 -3.861588 -6.493606 0 -3.861588 1.006394 2 -3.861588 -6.493606 2 -3.661588 0.806394 0.2 -3.661588 -6.293606 0.2 -3.661588 -0.591098 0.35 -3.661588 -1.091098 0.35 -3.661588 -0.591098 0.85 -3.661588 -1.091098 0.85 -3.661588 0.806394 2 -3.661588 -6.293606 2 -3.660588 -0.591098 0.35 -3.660588 -1.091098 0.35 -3.660588 -0.591098 0.85 -3.660588 -1.091098 0.85 -3.235118 -0.441098 0.2 -3.235118 -1.241098 0.2 -2.835119 0.806394 0.2 -2.835119 -0.441098 0.2 -2.835119 -1.241098 0.2 -2.835119 -6.293606 0.2 -2.810118 0.806394 0.2 -2.810118 -0.441098 0.2 -2.810118 -1.241098 0.2 -2.810118 -6.293606 0.2 -2.435118 -0.441098 0.2 -2.435118 -1.241098 0.2 -0.308958 -2.431931 0.2 -0.308958 -3.862179 0.2 -0.308958 -2.431931 2.2 -0.308958 -3.862179 2.2 -0.298958 -2.441931 0.2 -0.298958 -3.852179 0.2 -0.298958 -2.441931 2.2 -0.298958 -3.852179 2.2 1.181803 -2.441931 0.2 1.181803 -3.852179 0.2 1.181803 -2.441931 2.2 1.181803 -3.852179 2.2 1.191803 -2.431931 0.2 1.191803 -3.862179 0.2 1.191803 -2.431931 2.2 1.191803 -3.862179 2.2 3.191695 -6.293252 0.2 3.191695 -6.293252 2 3.192086 -6.293606 0.2 3.192086 -6.293606 2 3.245547 -3.700304 0.2 3.245547 -6.293252 0.2 3.245547 -6.293252 2 3.245547 -3.700304 2.2 3.245547 -6.293252 2.2 3.255547 -3.710365 0.2 3.255547 -6.293252 0.2 3.255547 -6.293252 2 3.255547 -3.710365 2.2 3.255547 -6.293252 2.2 3.385315 -3.711154 0.2 3.385315 -6.293252 0.2 3.385315 -6.293252 2 3.385315 -3.711154 2.2 3.385315 -6.293252 2.2 3.395315 -3.701215 0.2 3.395315 -6.293252 0.2 3.395315 -6.293252 2 3.395315 -3.701215 2.2 3.395315 -6.293252 2.2 3.638412 8.506747 0 3.638412 1.006394 0 3.638412 8.506747 2 3.638412 1.006394 2 3.66736 0.816394 2 3.66736 0.816394 2.2 3.674297 0.806394 0.2 3.674297 0.806394 2 3.698638 0.806394 0.2 3.698638 0.806394 2.2 3.710811 -6.493252 0 3.710811 -6.493252 2 3.711201 -6.493606 0 3.711201 -6.493606 2 3.830196 0.800694 0.2 3.830196 0.800694 2.2 3.838412 8.306747 0.2 3.838412 7.531215 0.2 3.838412 7.506215 0.2 3.838412 5.966673 0.2 3.838412 5.956673 0.2 3.838412 5.874869 0.2 3.838412 5.864869 0.2 3.838412 0.816394 0.2 3.838412 0.806394 0.2 3.838412 8.306747 2 3.838412 5.966673 2 3.838412 5.956673 2 3.838412 5.874869 2 3.838412 5.864869 2 3.838412 0.816394 2 3.838412 5.966673 2.2 3.838412 5.956673 2.2 3.838412 5.874869 2.2 3.838412 5.864869 2.2 3.838412 0.806394 2.2 3.843646 0.816394 0.2 3.843646 0.816394 2.2 4.90896 4.70745 0.2 4.90896 3.523995 0.2 4.90896 4.70745 2.2 4.90896 3.523995 2.2 4.91896 4.69745 0.2 4.91896 3.533995 0.2 4.91896 4.69745 2.2 4.91896 3.533995 2.2 5.971413 -2.504815 0.2 5.971413 -2.504815 2.2 5.976646 4.69745 0.2 5.976646 3.533995 0.2 5.976646 4.69745 2.2 5.976646 3.533995 2.2 5.981879 -2.484815 0.2 5.981879 -2.484815 2.2 5.986646 4.70745 0.2 5.986646 3.523995 0.2 5.986646 4.70745 2.2 5.986646 3.523995 2.2 6.109482 -2.484815 0.2 6.109482 -2.484815 2.2 6.147698 -2.504815 0.2 6.147698 -2.504815 2.2 6.918563 0.987921 0.2 6.918563 0.866239 0.2 6.918563 0.987921 2.2 6.918563 0.866239 2.2 6.928563 0.977921 0.2 6.928563 0.876239 0.2 6.928563 0.977921 2.2 6.928563 0.876239 2.2 7.235869 5.956673 0.2 7.235869 5.874869 0.2 7.235869 5.956673 2.2 7.235869 5.874869 2.2 7.245869 5.966673 0.2 7.245869 5.864869 0.2 7.245869 5.966673 2.2 7.245869 5.864869 2.2 7.672716 7.931215 0.2 7.672716 7.531215 0.2 7.672716 7.506215 0.2 7.672716 7.131215 0.2 8.010385 3.738451 0.2 8.010385 2.554996 0.2 8.010385 3.738451 2.2 8.010385 2.554996 2.2 8.020385 3.728451 0.2 8.020385 2.564996 0.2 8.020385 3.728451 2.2 8.020385 2.564996 2.2 8.472715 7.931215 0.2 8.472715 7.531215 0.2 8.472715 7.506215 0.2 8.472715 7.131215 0.2 9.183839 3.728451 0.2 9.183839 2.564996 0.2 9.183839 3.728451 2.2 9.183839 2.564996 2.2 9.193839 3.738451 0.2 9.193839 2.554996 0.2 9.193839 3.738451 2.2 9.193839 2.554996 2.2 10.824373 0.987921 0.2 10.824373 0.977921 0.2 10.824373 0.876239 0.2 10.824373 0.866239 0.2 10.824373 0.987921 2.2 10.824373 0.977921 2.2 10.824373 0.876239 2.2 10.824373 0.866239 2.2 10.938413 8.306747 0.2 10.938413 7.531215 0.2 10.938413 7.506215 0.2 10.938413 -6.293252 0.2 10.938413 8.306747 2 10.938413 -6.293252 2 11.138412 8.506747 0 11.138412 -6.493252 0 11.138412 8.506747 2 11.138412 -6.493252 2</float_array>
            <technique_common>
              <accessor source="#geom_000_positions_array" count="188" stride="3">
                <param name="X" type="float" />
                <param name="Y" type="float" />
                <param name="Z" type="float" />
              </accessor>
            </technique_common>
          </source>
          <source id="geom_000_normals"><float_array id="geom_000_normals_array" count="564">-0.127214073 0.254428145 -0.958688113 -0.454590486 -0.229501189 -0.860625757 -0.881290649 0.440645325 0.170758571 -0.440076716 -0.888695497 0.128657678 0.683918429 -0.233664025 0.691127127 0.74480856 0.106237941 0.65876681 1 0 0 1 0 0 1 0 0 1 0 0 0.599374275 -0.784783728 0.157686329 0.626514049 0.767885391 0.13353716 0 0 1 0 0 1 0 0 1 0 0 1 0 0 1 0 0 1 0 -0.707715346 0.706497692 0 0 1 0 0 1 0 0.344559989 0.938764302 0 -0.945799883 0.324750028 0 0 1 0 0 1 0 0.370109047 0.928988317 0 0 1 0 0 1 -0.120852201 0.253620728 0.959724581 -0.153921533 -0.0807550275 0.984777532 -0.885505209 0.464580857 0.00671947398 -0.430157454 -0.9027295 0.00663435904 0.740479028 -0.388751647 0.548236233 0.409678968 0.860326182 0.303318319 0.429923805 -0.902840356 0.00669430649 0.885377461 0.464823355 0.00678239492 -0.409678968 -0.860326182 0.303318319 -0.740479028 0.388751647 0.548236233 -0.885377461 -0.464823355 0.00678239492 -0.429923805 0.902840356 0.00669430649 0.539437925 0.283016442 0.793037463 0.126025752 -0.264477956 0.956121813 0.430157454 0.9027295 0.00663435904 0.885505209 -0.464580857 0.00671947398 -2.68865004e-05 0.0081504831 0.999966784 -0.0132524148 0.993369564 0.114198439 -5.50754344e-05 0.999999994 9.1826109e-05 -5.02965273e-05 0.973718461 0.227755034 -0.347211869 0.0211181964 0.9375489 -0.999337454 0.0207548785 0.0298979559 -0.999831728 0.0183030329 0.00123105545 -0.998579953 0.0524510414 0.00932554215 -0.99874493 -0.00385177385 0.0499372465 0.997328607 -0.0263764722 0.0681170417 0.99616139 0.0500485973 0.0718165951 0.998984321 0.0449779977 0.00270290649 0.995836569 -0.0910183297 0.00501920659 0.994988452 -0.00770446754 0.0996926319 -0.998024744 -0.0527804302 0.0340710608 -0.98489949 0.0989958065 0.142031071 -0.999749383 0.0222227103 0.00270580303 -0.998915087 -0.0456257643 0.00932412113 -0.998744868 -0.0038679588 0.0499372434 0.82043069 0.0249451318 0.571201561 0.122570541 0.356693059 0.92614606 0.356238184 0.932952523 0.0519032312 0.994521499 0.104412354 0.00500486913 0.995026734 -0.00767756582 0.099311905 -0.229041596 0.458061632 -0.858905984 -0.106124069 0.053059537 -0.992936235 -0.889637257 0.444797694 0.103443522 -0.444134475 0.888227144 0.117461096 -0.000666927073 0.0109452737 0.999939876 -0.843012178 -0.496931459 0.205887329 -0.10849474 -0.287734758 0.95154485 -0.362451599 -0.932000435 0.00200693139 0.836761649 0.544958093 0.0533912013 0.837909772 0.545705832 0.0105999453 8.35892044e-06 -0.0876839066 -0.996148349 2.37072838e-05 -0.994822722 0.101625543 2.33737606e-05 -0.999999996 -8.85022786e-05 9.30380082e-05 -0.995034796 0.0995276152 -0.823347111 -0.565109411 0.0524489052 -0.822350894 -0.568975182 0.00249989837 0.0948210287 -0.868087195 0.487271581 0.436077425 0 0.899909151 0.358174426 0 0.93365469 0.515059889 0.452375808 0.728058678 0.0479032621 -0.994751314 0.0904162628 0.024046227 0.998680043 0.045386679 0.595473413 -0.401913459 0.69561267 0.958311634 0.00049676418 0.285724634 -0.0432860897 -0.999058138 0.00302513495 0.310573074 -0.942307438 0.124904197 0.29484404 0.954977745 0.0329317196 0.010687315 -0.999941976 0.00135099095 0.0213709688 0.999770702 0.00135075955 0.795144482 -0.596377854 0.109903176 0.993440155 0.00976869619 0.113935203 -0.00293106574 0.998748049 0.0499374024 -0.00585735514 -0.995005612 0.0996469951 -0.0029396929 0.998748023 0.0499374012 -0.00584033586 -0.995034666 0.0993574582 -0.0427794499 -0.987364714 0.152580601 0.494031858 0.343468768 0.798725064 0.818896627 0.573737611 0.0152796558 -0.291584516 0.531049428 0.79559096 -0.43342868 -0.197345915 0.879314602 -0.910083257 0.414373164 0.00658383183 -0.481283323 -0.876539116 0.00674844455 0.820254753 -0.372842942 0.433785985 0.466991151 0.849074528 0.246965001 0.48190763 -0.87619539 0.00683193549 0.910346342 0.41379365 0.0066598225 -0.250014796 -0.180450632 0.951278178 -0.7844526 -0.62011818 0.00935744781 -0.466991151 -0.849074528 0.246965001 -0.820254753 0.372842942 0.433785985 -0.910346342 -0.41379365 0.0066598225 -0.48190763 0.87619539 0.00683193549 0.790830178 0.609952298 0.0504561516 0.81413869 0.580582426 0.0101113339 0.491222567 0.223660251 0.841829247 0.178017153 -0.32421443 0.929082825 0.481283323 0.876539116 0.00674844455 0.910083257 -0.414373164 0.00658383183 -0.827950407 -0.558303537 0.0528704425 -0.851201603 -0.524393676 0.0216125859 0.113471768 0.0666739472 0.99130154 0.831834001 0.554999359 0.00528272663 -0.00965891024 0.620073112 0.78448457 -0.0148508261 -0.238344641 0.971067086 -0.0621867381 0.998050589 0.00527563366 -0.0155749609 -0.999865845 0.00507080417 0.0520626616 -0.997355666 0.0507065594 0.0130322341 0.998625283 0.050771108 0.0130488955 -0.999902 0.005071171 0.052128995 0.998626404 0.00527941034 -0.0126686841 -0.999688134 0.0215206548 -0.0253136996 0.998754285 0.0430011029 -0.0437358061 -0.999031666 0.00478646413 -0.0218829286 0.999718106 0.00921113628 0.0225188194 0.716035848 0.697700198 0.00961747627 -0.611618011 0.791094756 0.0271495867 0.999588957 0.00920958603 0.0542409117 -0.998516421 0.00478327569 0 0 1 0 0 1 0 0 1 0 0 1 -0.3691419 0.738283176 0.564510592 -0.512448942 -0.256224254 0.819600643 -0.894407444 0.447203344 0.00667026596 -0.447203949 -0.894407142 0.00667026746 0.79344944 -0.396724379 0.461570962 0.432807191 0.865613637 0.251775629 0.447203725 -0.894406682 0.0067464896 0.89440699 0.44720311 0.00674648804 0 0 1 0 0 1 0 0 1 0 0 1 -0.432807191 -0.865613637 0.251775629 -0.79344944 0.396724379 0.461570962 -0.89440699 -0.44720311 0.00674648804 -0.447203725 0.894406682 0.0067464896 0.2479977 0.123998745 0.960792096 0.110046683 -0.220093181 0.969251628 0.447203949 0.894407142 0.00667026746 0.894407444 -0.447203344 0.00667026596 0.0021454311 0.418982312 0.907991861 0.00126873328 -0.988548757 0.150896471 0.00512659945 0.998612869 0.0524028138 0.000403537058 -0.315227815 0.949015944 0.00128012719 0.999986713 0.00499353293 0.00513358877 -0.999974323 0.00499987162 0.00128341301 0.999986645 0.00500635029 0.00512044565 -0.999974391 0.00499987195 -0.0535693149 -0.980854921 0.187227008 -0.445162118 0 0.895449992 -0.905296269 0 0.424780727 -0.333712366 0.36482932 0.869215522 -0.882969569 -0.407069394 0.233793177 -0.960503559 0.255116504 0.111123727 0.333836232 0.0834590635 -0.938929153 0.172987765 -0.171317891 -0.969910003 0.700321946 0.700321993 0.138196523 0.963798734 -0.238623764 0.118956709</float_array><technique_common><accessor source="#geom_000_normals_array" count="188" stride="3"><param name="X" type="float" /><param name="Y" type="float" /><param name="Z" type="float" /></accessor></technique_common></source><vertices id="geom_000_vertices">
            <input semantic="POSITION" source="#geom_000_positions" />
          </vertices>
          <triangles count="342" material="mat_000">
            <input semantic="VERTEX" source="#geom_000_vertices" offset="0" />
            <input semantic="NORMAL" source="#geom_000_normals" offset="1" /><p>19 19 18 18 16 16 16 16 18 18 4 4 16 16 4 4 17 17 17 17 4 4 5 5 17 17 5 5 20 20 20 20 5 5 21 21 29 29 27 27 24 24 44 44 49 49 48 48 74 74 22 22 26 26 26 26 22 22 23 23 107 107 91 91 104 104 25 25 46 46 44 44 107 107 104 104 123 123 48 48 63 63 114 114 91 91 107 107 90 90 90 90 107 107 106 106 90 90 106 106 143 143 143 143 106 106 122 122 143 143 122 122 130 130 130 130 122 122 123 123 130 130 123 123 131 131 131 131 123 123 104 104 131 131 104 104 128 128 27 27 29 29 26 26 26 26 29 29 28 28 26 26 28 28 74 74 74 74 28 28 40 40 74 74 40 40 41 41 149 149 148 148 86 86 24 24 25 25 29 29 29 29 25 25 44 44 29 29 44 44 41 41 41 41 44 44 48 48 41 41 48 48 74 74 74 74 48 48 114 114 63 63 64 64 114 114 114 114 64 64 181 181 114 114 181 181 128 128 128 128 181 181 173 173 128 128 173 173 131 131 180 180 160 160 161 161 180 180 166 166 167 167 86 86 87 87 149 149 149 149 87 87 142 142 149 149 142 142 161 161 134 134 135 135 171 171 171 171 135 135 172 172 180 180 161 161 166 166 166 166 161 161 142 142 166 166 142 142 150 150 150 150 142 142 143 143 150 150 143 143 151 151 151 151 143 143 130 130 151 151 130 130 167 167 167 167 130 130 170 170 167 167 170 170 180 180 180 180 170 170 171 171 180 180 171 171 181 181 181 181 171 171 172 172 181 181 172 172 173 173 159 159 179 179 158 158 158 158 179 179 178 178 158 158 178 178 146 146 146 146 178 178 84 84 146 146 84 84 147 147 147 147 84 84 85 85 4 4 6 6 7 7 6 6 4 4 8 8 8 8 4 4 10 10 8 8 10 10 9 9 9 9 10 10 11 11 9 9 11 11 7 7 7 7 11 11 5 5 7 7 5 5 4 4 49 49 44 44 50 50 50 50 44 44 45 45 60 60 59 59 55 55 55 55 59 59 54 54 71 71 2 2 72 72 72 72 98 98 71 71 71 71 98 98 97 97 71 71 97 97 70 70 70 70 97 97 96 96 70 70 96 96 95 95 95 95 94 94 70 70 70 70 94 94 93 93 70 70 93 93 186 186 186 186 93 93 182 182 186 186 182 182 187 187 187 187 182 182 183 183 187 187 183 183 79 79 183 183 65 65 79 79 79 79 65 65 60 60 79 79 60 60 55 55 75 75 72 72 10 10 10 10 72 72 2 2 10 10 2 2 11 11 11 11 2 2 3 3 11 11 3 3 47 47 47 47 3 3 81 81 47 47 81 81 45 45 45 45 81 81 79 79 45 45 79 79 50 50 50 50 79 79 55 55 89 89 88 88 96 96 96 96 88 88 95 95 93 93 94 94 87 87 87 87 86 86 93 93 93 93 86 86 85 85 93 93 85 85 84 84 98 98 91 91 97 97 97 97 91 91 90 90 74 74 75 75 22 22 22 22 75 75 10 10 22 22 10 10 18 18 18 18 10 10 4 4 58 58 53 53 59 59 59 59 53 53 54 54 138 138 88 88 139 139 139 139 88 88 89 89 79 79 81 81 78 78 78 78 81 81 80 80 187 187 79 79 185 185 185 185 79 79 78 78 186 186 187 187 184 184 184 184 187 187 185 185 70 70 186 186 68 68 68 68 186 186 184 184 71 71 70 70 69 69 69 69 70 70 68 68 2 2 71 71 0 0 0 0 71 71 69 69 3 3 2 2 1 1 1 1 2 2 0 0 81 81 3 3 80 80 80 80 3 3 1 1 78 78 80 80 1 1 69 69 68 68 184 184 1 1 0 0 78 78 78 78 0 0 69 69 78 78 69 69 185 185 185 185 69 69 184 184 47 47 45 45 46 46 46 46 45 45 44 44 183 183 181 181 65 65 65 65 181 181 64 64 181 181 183 183 180 180 180 180 183 183 182 182 180 180 182 182 179 179 179 179 182 182 178 178 182 182 93 93 178 178 178 178 93 93 84 84 11 11 47 47 46 46 46 46 25 25 11 11 11 11 25 25 21 21 11 11 21 21 5 5 177 177 133 133 173 173 173 173 133 133 131 131 176 176 177 177 172 172 172 172 177 177 173 173 137 137 176 176 135 135 135 135 176 176 172 172 136 136 137 137 134 134 134 134 137 137 135 135 175 175 136 136 171 171 171 171 136 136 134 134 174 174 175 175 170 170 170 170 175 175 171 171 132 132 174 174 130 130 130 130 174 174 170 170 133 133 132 132 131 131 131 131 132 132 130 130 175 175 174 174 136 136 136 136 174 174 132 132 136 136 132 132 137 137 137 137 132 132 133 133 137 137 133 133 176 176 176 176 133 133 177 177 42 42 43 43 40 40 40 40 43 43 41 41 30 30 42 42 28 28 28 28 42 42 40 40 31 31 30 30 29 29 29 29 30 30 28 28 43 43 31 31 41 41 41 41 31 31 29 29 38 38 42 42 34 34 34 34 42 42 30 30 34 34 30 30 35 35 35 35 30 30 31 31 35 35 31 31 39 39 39 39 31 31 43 43 39 39 43 43 38 38 38 38 43 43 42 42 39 39 38 38 37 37 37 37 38 38 36 36 38 38 34 34 36 36 36 36 34 34 32 32 34 34 35 35 32 32 32 32 35 35 33 33 35 35 39 39 33 33 33 33 39 39 37 37 36 36 32 32 37 37 37 37 32 32 33 33 168 168 169 169 166 166 166 166 169 169 167 167 152 152 168 168 150 150 150 150 168 168 166 166 153 153 152 152 151 151 151 151 152 152 150 150 169 169 153 153 167 167 167 167 153 153 151 151 164 164 168 168 156 156 156 156 168 168 152 152 156 156 152 152 157 157 157 157 152 152 153 153 157 157 153 153 165 165 165 165 153 153 169 169 165 165 169 169 164 164 164 164 169 169 168 168 165 165 164 164 163 163 163 163 164 164 162 162 164 164 156 156 162 162 162 162 156 156 154 154 156 156 157 157 154 154 154 154 157 157 155 155 157 157 165 165 155 155 155 155 165 165 163 163 162 162 154 154 163 163 163 163 154 154 155 155 124 124 125 125 122 122 122 122 125 125 123 123 108 108 124 124 106 106 106 106 124 124 122 122 109 109 108 108 107 107 107 107 108 108 106 106 125 125 109 109 123 123 123 123 109 109 107 107 118 118 124 124 112 112 112 112 124 124 108 108 112 112 108 108 113 113 113 113 108 108 109 109 113 113 109 109 119 119 119 119 109 109 125 125 119 119 125 125 118 118 118 118 125 125 124 124 119 119 118 118 117 117 117 117 118 118 116 116 118 118 112 112 116 116 116 116 112 112 110 110 112 112 113 113 110 110 110 110 113 113 111 111 113 113 119 119 111 111 111 111 119 119 117 117 116 116 110 110 117 117 117 117 110 110 111 111 52 52 51 51 50 50 50 50 51 51 48 48 50 50 48 48 49 49 55 55 57 57 50 50 50 50 57 57 52 52 54 54 53 53 55 55 55 55 53 53 56 56 55 55 56 56 57 57 61 61 56 56 58 58 58 58 56 56 53 53 62 62 61 61 60 60 60 60 61 61 58 58 60 60 58 58 59 59 65 65 67 67 60 60 60 60 67 67 62 62 64 64 63 63 65 65 65 65 63 63 66 66 65 65 66 66 67 67 51 51 66 66 48 48 48 48 66 66 63 63 62 62 67 67 61 61 61 61 67 67 66 66 61 61 66 66 56 56 56 56 66 66 51 51 56 56 51 51 57 57 57 57 51 51 52 52 83 83 127 127 103 103 103 103 127 127 105 105 103 103 105 105 77 77 77 77 105 105 73 73 77 77 73 73 121 121 121 121 73 73 115 115 121 121 115 115 127 127 127 127 115 115 129 129 127 127 129 129 105 105 83 83 103 103 82 82 82 82 103 103 92 92 127 127 83 83 126 126 126 126 83 83 82 82 121 121 127 127 120 120 120 120 127 127 126 126 77 77 121 121 76 76 76 76 121 121 120 120 129 129 115 115 128 128 128 128 115 115 114 114 105 105 129 129 104 104 104 104 129 129 128 128 104 104 91 91 98 98 72 72 73 73 98 98 98 98 73 73 105 105 98 98 105 105 104 104 73 73 72 72 75 75 74 74 114 114 75 75 75 75 114 114 115 115 75 75 115 115 73 73 120 120 126 126 76 76 76 76 126 126 82 82 76 76 82 82 92 92 92 92 103 103 76 76 76 76 103 103 77 77 101 101 141 141 96 96 96 96 141 141 139 139 96 96 139 139 89 89 97 97 102 102 96 96 96 96 102 102 101 101 90 90 143 143 97 97 97 97 143 143 145 145 97 97 145 145 102 102 144 144 145 145 142 142 142 142 145 145 143 143 99 99 144 144 94 94 94 94 144 144 142 142 94 94 142 142 87 87 95 95 100 100 94 94 94 94 100 100 99 99 88 88 138 138 95 95 95 95 138 138 140 140 95 95 140 140 100 100 141 141 140 140 139 139 139 139 140 140 138 138 101 101 102 102 141 141 141 141 102 102 145 145 141 141 145 145 140 140 140 140 145 145 144 144 140 140 144 144 100 100 100 100 144 144 99 99</p>
          </triangles>
        </mesh>
      </geometry>

      <geometry id="geom_001" name="material_001">
        <mesh>
          <source id="geom_001_positions">
            <float_array id="geom_001_positions_array" count="564">-3.861588 1.006394 0 -3.861588 -6.493606 0 -3.861588 1.006394 2 -3.861588 -6.493606 2 -3.661588 0.806394 0.2 -3.661588 -6.293606 0.2 -3.661588 -0.591098 0.35 -3.661588 -1.091098 0.35 -3.661588 -0.591098 0.85 -3.661588 -1.091098 0.85 -3.661588 0.806394 2 -3.661588 -6.293606 2 -3.660588 -0.591098 0.35 -3.660588 -1.091098 0.35 -3.660588 -0.591098 0.85 -3.660588 -1.091098 0.85 -3.235118 -0.441098 0.2 -3.235118 -1.241098 0.2 -2.835119 0.806394 0.2 -2.835119 -0.441098 0.2 -2.835119 -1.241098 0.2 -2.835119 -6.293606 0.2 -2.810118 0.806394 0.2 -2.810118 -0.441098 0.2 -2.810118 -1.241098 0.2 -2.810118 -6.293606 0.2 -2.435118 -0.441098 0.2 -2.435118 -1.241098 0.2 -0.308958 -2.431931 0.2 -0.308958 -3.862179 0.2 -0.308958 -2.431931 2.2 -0.308958 -3.862179 2.2 -0.298958 -2.441931 0.2 -0.298958 -3.852179 0.2 -0.298958 -2.441931 2.2 -0.298958 -3.852179 2.2 1.181803 -2.441931 0.2 1.181803 -3.852179 0.2 1.181803 -2.441931 2.2 1.181803 -3.852179 2.2 1.191803 -2.431931 0.2 1.191803 -3.862179 0.2 1.191803 -2.431931 2.2 1.191803 -3.862179 2.2 3.191695 -6.293252 0.2 3.191695 -6.293252 2 3.192086 -6.293606 0.2 3.192086 -6.293606 2 3.245547 -3.700304 0.2 3.245547 -6.293252 0.2 3.245547 -6.293252 2 3.245547 -3.700304 2.2 3.245547 -6.293252 2.2 3.255547 -3.710365 0.2 3.255547 -6.293252 0.2 3.255547 -6.293252 2 3.255547 -3.710365 2.2 3.255547 -6.293252 2.2 3.385315 -3.711154 0.2 3.385315 -6.293252 0.2 3.385315 -6.293252 2 3.385315 -3.711154 2.2 3.385315 -6.293252 2.2 3.395315 -3.701215 0.2 3.395315 -6.293252 0.2 3.395315 -6.293252 2 3.395315 -3.701215 2.2 3.395315 -6.293252 2.2 3.638412 8.506747 0 3.638412 1.006394 0 3.638412 8.506747 2 3.638412 1.006394 2 3.66736 0.816394 2 3.66736 0.816394 2.2 3.674297 0.806394 0.2 3.674297 0.806394 2 3.698638 0.806394 0.2 3.698638 0.806394 2.2 3.710811 -6.493252 0 3.710811 -6.493252 2 3.711201 -6.493606 0 3.711201 -6.493606 2 3.830196 0.800694 0.2 3.830196 0.800694 2.2 3.838412 8.306747 0.2 3.838412 7.531215 0.2 3.838412 7.506215 0.2 3.838412 5.966673 0.2 3.838412 5.956673 0.2 3.838412 5.874869 0.2 3.838412 5.864869 0.2 3.838412 0.816394 0.2 3.838412 0.806394 0.2 3.838412 8.306747 2 3.838412 5.966673 2 3.838412 5.956673 2 3.838412 5.874869 2 3.838412 5.864869 2 3.838412 0.816394 2 3.838412 5.966673 2.2 3.838412 5.956673 2.2 3.838412 5.874869 2.2 3.838412 5.864869 2.2 3.838412 0.806394 2.2 3.843646 0.816394 0.2 3.843646 0.816394 2.2 4.90896 4.70745 0.2 4.90896 3.523995 0.2 4.90896 4.70745 2.2 4.90896 3.523995 2.2 4.91896 4.69745 0.2 4.91896 3.533995 0.2 4.91896 4.69745 2.2 4.91896 3.533995 2.2 5.971413 -2.504815 0.2 5.971413 -2.504815 2.2 5.976646 4.69745 0.2 5.976646 3.533995 0.2 5.976646 4.69745 2.2 5.976646 3.533995 2.2 5.981879 -2.484815 0.2 5.981879 -2.484815 2.2 5.986646 4.70745 0.2 5.986646 3.523995 0.2 5.986646 4.70745 2.2 5.986646 3.523995 2.2 6.109482 -2.484815 0.2 6.109482 -2.484815 2.2 6.147698 -2.504815 0.2 6.147698 -2.504815 2.2 6.918563 0.987921 0.2 6.918563 0.866239 0.2 6.918563 0.987921 2.2 6.918563 0.866239 2.2 6.928563 0.977921 0.2 6.928563 0.876239 0.2 6.928563 0.977921 2.2 6.928563 0.876239 2.2 7.235869 5.956673 0.2 7.235869 5.874869 0.2 7.235869 5.956673 2.2 7.235869 5.874869 2.2 7.245869 5.966673 0.2 7.245869 5.864869 0.2 7.245869 5.966673 2.2 7.245869 5.864869 2.2 7.672716 7.931215 0.2 7.672716 7.531215 0.2 7.672716 7.506215 0.2 7.672716 7.131215 0.2 8.010385 3.738451 0.2 8.010385 2.554996 0.2 8.010385 3.738451 2.2 8.010385 2.554996 2.2 8.020385 3.728451 0.2 8.020385 2.564996 0.2 8.020385 3.728451 2.2 8.020385 2.564996 2.2 8.472715 7.931215 0.2 8.472715 7.531215 0.2 8.472715 7.506215 0.2 8.472715 7.131215 0.2 9.183839 3.728451 0.2 9.183839 2.564996 0.2 9.183839 3.728451 2.2 9.183839 2.564996 2.2 9.193839 3.738451 0.2 9.193839 2.554996 0.2 9.193839 3.738451 2.2 9.193839 2.554996 2.2 10.824373 0.987921 0.2 10.824373 0.977921 0.2 10.824373 0.876239 0.2 10.824373 0.866239 0.2 10.824373 0.987921 2.2 10.824373 0.977921 2.2 10.824373 0.876239 2.2 10.824373 0.866239 2.2 10.938413 8.306747 0.2 10.938413 7.531215 0.2 10.938413 7.506215 0.2 10.938413 -6.293252 0.2 10.938413 8.306747 2 10.938413 -6.293252 2 11.138412 8.506747 0 11.138412 -6.493252 0 11.138412 8.506747 2 11.138412 -6.493252 2</float_array>
            <technique_common>
              <accessor source="#geom_001_positions_array" count="188" stride="3">
                <param name="X" type="float" />
                <param name="Y" type="float" />
                <param name="Z" type="float" />
              </accessor>
            </technique_common>
          </source>
          <source id="geom_001_normals"><float_array id="geom_001_normals_array" count="564">0 0 1 0 0 1 0 0 1 0 0 1 0 0 1 0 0 1 0 0 1 0 0 1 0 0 1 0 0 1 0 0 1 0 0 1 0 0 1 0 0 1 0 0 1 0 0 1 0 0 1 0 0 1 0 0 1 0 0 1 0 0 1 0 0 1 0 0 1 0 0 1 0 0 1 0 0 1 0 0 1 0 0 1 0 0 1 0 0 1 0 0 1 0 0 1 0 0 1 0 0 1 0 0 1 0 0 1 0 0 1 0 0 1 0 0 1 0 0 1 0 0 1 0 0 1 0 0 1 0 0 1 0 0 1 0 0 1 0 0 1 0 0 1 0 0 1 0 0 1 0 0 1 0 0 1 0 0 1 0 0 1 0 0 1 0 0 1 0 0 1 0 0 1 0 0 1 0 0 1 0 0 1 0 0 1 0 0 1 0 0 1 0 0 1 0 0 1 0 0 1 0 0 1 0 0 1 0 0 1 0 0 1 0 0 1 0 0 1 0 0 1 0 0 1 0 0 1 0 0 1 0 0 1 0 0 1 0 0 1 0 0 1 0 0 1 0 0 1 0 0 1 0 0 1 0 0 1 0 0 1 0 0 1 0 0 1 0 0 1 0 0 1 0 0 1 0 0 1 0 0 1 0 0 1 0 0 1 0 0 1 0 0 1 0 0 1 0 0 1 0 0 1 0 0 1 0 0 1 0 0 1 0 0 1 0 0 1 0 0 1 0 0 1 0 0 1 0 0 1 0 0 1 0 0 1 0 0 1 0 0 1 0 0 1 0 0 1 0 0 1 0 0 1 0 0 1 0 0 1 0 0 1 0 0 1 0 0 1 0 0 1 0 0 1 0 0 1 0 0 1 0 0 1 0 0 1 0 0 1 0 0 1 0 0 1 0 0 1 0 0 1 0 0 1 0 0 1 0 0 1 0 0 1 0 0 1 0 0 1 0 0 1 0 0 1 0 0 1 0 0 1 0 0 1 0 0 1 0 0 1 0 0 1 0 0 1 0 0 1 0 0 1 0 0 1 0 0 1 0 0 1 0 0 1 0 0 1 0 0 1 0 0 1 0 0 1 0 0 1 0 0 1 0 0 1 0 0 1 0 0 1 0 0 1 0 0 1 0 0 1 0 0 1 0 0 1 0 0 1 0 0 1 0 0 1 0 0 1 0 0 1 0 0 1 0 0 1 0 0 1 0 0 1 0 0 1 0 0 1 0 0 1 0 0 1 0 0 1 0 0 1 0 0 1 0 0 1 0 0 1 0 0 1</float_array><technique_common><accessor source="#geom_001_normals_array" count="188" stride="3"><param name="X" type="float" /><param name="Y" type="float" /><param name="Z" type="float" /></accessor></technique_common></source><vertices id="geom_001_vertices">
            <input semantic="POSITION" source="#geom_001_positions" />
          </vertices>
          <triangles count="2" material="mat_001">
            <input semantic="VERTEX" source="#geom_001_vertices" offset="0" />
            <input semantic="NORMAL" source="#geom_001_normals" offset="1" /><p>148 148 147 147 86 86 86 86 147 147 85 85</p>
          </triangles>
        </mesh>
      </geometry>

      <geometry id="geom_002" name="material_002">
        <mesh>
          <source id="geom_002_positions">
            <float_array id="geom_002_positions_array" count="564">-3.861588 1.006394 0 -3.861588 -6.493606 0 -3.861588 1.006394 2 -3.861588 -6.493606 2 -3.661588 0.806394 0.2 -3.661588 -6.293606 0.2 -3.661588 -0.591098 0.35 -3.661588 -1.091098 0.35 -3.661588 -0.591098 0.85 -3.661588 -1.091098 0.85 -3.661588 0.806394 2 -3.661588 -6.293606 2 -3.660588 -0.591098 0.35 -3.660588 -1.091098 0.35 -3.660588 -0.591098 0.85 -3.660588 -1.091098 0.85 -3.235118 -0.441098 0.2 -3.235118 -1.241098 0.2 -2.835119 0.806394 0.2 -2.835119 -0.441098 0.2 -2.835119 -1.241098 0.2 -2.835119 -6.293606 0.2 -2.810118 0.806394 0.2 -2.810118 -0.441098 0.2 -2.810118 -1.241098 0.2 -2.810118 -6.293606 0.2 -2.435118 -0.441098 0.2 -2.435118 -1.241098 0.2 -0.308958 -2.431931 0.2 -0.308958 -3.862179 0.2 -0.308958 -2.431931 2.2 -0.308958 -3.862179 2.2 -0.298958 -2.441931 0.2 -0.298958 -3.852179 0.2 -0.298958 -2.441931 2.2 -0.298958 -3.852179 2.2 1.181803 -2.441931 0.2 1.181803 -3.852179 0.2 1.181803 -2.441931 2.2 1.181803 -3.852179 2.2 1.191803 -2.431931 0.2 1.191803 -3.862179 0.2 1.191803 -2.431931 2.2 1.191803 -3.862179 2.2 3.191695 -6.293252 0.2 3.191695 -6.293252 2 3.192086 -6.293606 0.2 3.192086 -6.293606 2 3.245547 -3.700304 0.2 3.245547 -6.293252 0.2 3.245547 -6.293252 2 3.245547 -3.700304 2.2 3.245547 -6.293252 2.2 3.255547 -3.710365 0.2 3.255547 -6.293252 0.2 3.255547 -6.293252 2 3.255547 -3.710365 2.2 3.255547 -6.293252 2.2 3.385315 -3.711154 0.2 3.385315 -6.293252 0.2 3.385315 -6.293252 2 3.385315 -3.711154 2.2 3.385315 -6.293252 2.2 3.395315 -3.701215 0.2 3.395315 -6.293252 0.2 3.395315 -6.293252 2 3.395315 -3.701215 2.2 3.395315 -6.293252 2.2 3.638412 8.506747 0 3.638412 1.006394 0 3.638412 8.506747 2 3.638412 1.006394 2 3.66736 0.816394 2 3.66736 0.816394 2.2 3.674297 0.806394 0.2 3.674297 0.806394 2 3.698638 0.806394 0.2 3.698638 0.806394 2.2 3.710811 -6.493252 0 3.710811 -6.493252 2 3.711201 -6.493606 0 3.711201 -6.493606 2 3.830196 0.800694 0.2 3.830196 0.800694 2.2 3.838412 8.306747 0.2 3.838412 7.531215 0.2 3.838412 7.506215 0.2 3.838412 5.966673 0.2 3.838412 5.956673 0.2 3.838412 5.874869 0.2 3.838412 5.864869 0.2 3.838412 0.816394 0.2 3.838412 0.806394 0.2 3.838412 8.306747 2 3.838412 5.966673 2 3.838412 5.956673 2 3.838412 5.874869 2 3.838412 5.864869 2 3.838412 0.816394 2 3.838412 5.966673 2.2 3.838412 5.956673 2.2 3.838412 5.874869 2.2 3.838412 5.864869 2.2 3.838412 0.806394 2.2 3.843646 0.816394 0.2 3.843646 0.816394 2.2 4.90896 4.70745 0.2 4.90896 3.523995 0.2 4.90896 4.70745 2.2 4.90896 3.523995 2.2 4.91896 4.69745 0.2 4.91896 3.533995 0.2 4.91896 4.69745 2.2 4.91896 3.533995 2.2 5.971413 -2.504815 0.2 5.971413 -2.504815 2.2 5.976646 4.69745 0.2 5.976646 3.533995 0.2 5.976646 4.69745 2.2 5.976646 3.533995 2.2 5.981879 -2.484815 0.2 5.981879 -2.484815 2.2 5.986646 4.70745 0.2 5.986646 3.523995 0.2 5.986646 4.70745 2.2 5.986646 3.523995 2.2 6.109482 -2.484815 0.2 6.109482 -2.484815 2.2 6.147698 -2.504815 0.2 6.147698 -2.504815 2.2 6.918563 0.987921 0.2 6.918563 0.866239 0.2 6.918563 0.987921 2.2 6.918563 0.866239 2.2 6.928563 0.977921 0.2 6.928563 0.876239 0.2 6.928563 0.977921 2.2 6.928563 0.876239 2.2 7.235869 5.956673 0.2 7.235869 5.874869 0.2 7.235869 5.956673 2.2 7.235869 5.874869 2.2 7.245869 5.966673 0.2 7.245869 5.864869 0.2 7.245869 5.966673 2.2 7.245869 5.864869 2.2 7.672716 7.931215 0.2 7.672716 7.531215 0.2 7.672716 7.506215 0.2 7.672716 7.131215 0.2 8.010385 3.738451 0.2 8.010385 2.554996 0.2 8.010385 3.738451 2.2 8.010385 2.554996 2.2 8.020385 3.728451 0.2 8.020385 2.564996 0.2 8.020385 3.728451 2.2 8.020385 2.564996 2.2 8.472715 7.931215 0.2 8.472715 7.531215 0.2 8.472715 7.506215 0.2 8.472715 7.131215 0.2 9.183839 3.728451 0.2 9.183839 2.564996 0.2 9.183839 3.728451 2.2 9.183839 2.564996 2.2 9.193839 3.738451 0.2 9.193839 2.554996 0.2 9.193839 3.738451 2.2 9.193839 2.554996 2.2 10.824373 0.987921 0.2 10.824373 0.977921 0.2 10.824373 0.876239 0.2 10.824373 0.866239 0.2 10.824373 0.987921 2.2 10.824373 0.977921 2.2 10.824373 0.876239 2.2 10.824373 0.866239 2.2 10.938413 8.306747 0.2 10.938413 7.531215 0.2 10.938413 7.506215 0.2 10.938413 -6.293252 0.2 10.938413 8.306747 2 10.938413 -6.293252 2 11.138412 8.506747 0 11.138412 -6.493252 0 11.138412 8.506747 2 11.138412 -6.493252 2</float_array>
            <technique_common>
              <accessor source="#geom_002_positions_array" count="188" stride="3">
                <param name="X" type="float" />
                <param name="Y" type="float" />
                <param name="Z" type="float" />
              </accessor>
            </technique_common>
          </source>
          <source id="geom_002_normals"><float_array id="geom_002_normals_array" count="564">0 0 1 0 0 1 0 0 1 0 0 1 0 0 1 0 0 1 0 0 1 0 0 1 0 0 1 0 0 1 0 0 1 0 0 1 0 0 1 0 0 1 0 0 1 0 0 1 0 0 1 0 0 1 0 0 1 0 0 1 0 0 1 0 0 1 0 0 1 0 0 1 0 0 1 0 0 1 0 0 1 0 0 1 0 0 1 0 0 1 0 0 1 0 0 1 0 0 1 0 0 1 0 0 1 0 0 1 0 0 1 0 0 1 0 0 1 0 0 1 0 0 1 0 0 1 0 0 1 0 0 1 0 0 1 0 0 1 0 0 1 0 0 1 0 0 1 0 0 1 0 0 1 0 0 1 0 0 1 0 0 1 0 0 1 0 0 1 0 0 1 0 0 1 0 0 1 0 0 1 0 0 1 0 0 1 0 0 1 0 0 1 0 0 1 0 0 1 0 0 1 0 0 1 0 0 1 0 0 1 0 0 1 0 0 1 0 0 1 0 0 1 0 0 1 0 0 1 0 0 1 0 0 1 0 0 1 0 0 1 0 0 1 0 0 1 0 0 1 0 0 1 0 0 1 0 0 1 0 0 1 0 0 1 0 0 1 0 0 1 0 0 1 0 0 1 0 0 1 0 0 1 0 0 1 0 0 1 0 0 1 0 0 1 0 0 1 0 0 1 0 0 1 0 0 1 0 0 1 0 0 1 0 0 1 0 0 1 0 0 1 0 0 1 0 0 1 0 0 1 0 0 1 0 0 1 0 0 1 0 0 1 0 0 1 0 0 1 0 0 1 0 0 1 0 0 1 0 0 1 0 0 1 0 0 1 0 0 1 0 0 1 0 0 1 0 0 1 0 0 1 0 0 1 0 0 1 0 0 1 0 0 1 0 0 1 0 0 1 0 0 1 0 0 1 0 0 1 0 0 1 0 0 1 0 0 1 0 0 1 0 0 1 0 0 1 0 0 1 0 0 1 0 0 1 0 0 1 0 0 1 0 0 1 0 0 1 0 0 1 0 0 1 0 0 1 0 0 1 0 0 1 0 0 1 0 0 1 0 0 1 0 0 1 0 0 1 0 0 1 0 0 1 0 0 1 0 0 1 0 0 1 0 0 1 0 0 1 0 0 1 0 0 1 0 0 1 0 0 1 0 0 1 0 0 1 0 0 1 0 0 1 0 0 1 0 0 1 0 0 1 0 0 1 0 0 1 0 0 1 0 0 1 0 0 1 0 0 1 0 0 1 0 0 1 0 0 1 0 0 1 0 0 1</float_array><technique_common><accessor source="#geom_002_normals_array" count="188" stride="3"><param name="X" type="float" /><param name="Y" type="float" /><param name="Z" type="float" /></accessor></technique_common></source><vertices id="geom_002_vertices">
            <input semantic="POSITION" source="#geom_002_positions" />
          </vertices>
          <triangles count="2" material="mat_002">
            <input semantic="VERTEX" source="#geom_002_vertices" offset="0" />
            <input semantic="NORMAL" source="#geom_002_normals" offset="1" /><p>180 180 179 179 160 160 160 160 179 179 159 159</p>
          </triangles>
        </mesh>
      </geometry>

      <geometry id="geom_003" name="material_003">
        <mesh>
          <source id="geom_003_positions">
            <float_array id="geom_003_positions_array" count="564">-3.861588 1.006394 0 -3.861588 -6.493606 0 -3.861588 1.006394 2 -3.861588 -6.493606 2 -3.661588 0.806394 0.2 -3.661588 -6.293606 0.2 -3.661588 -0.591098 0.35 -3.661588 -1.091098 0.35 -3.661588 -0.591098 0.85 -3.661588 -1.091098 0.85 -3.661588 0.806394 2 -3.661588 -6.293606 2 -3.660588 -0.591098 0.35 -3.660588 -1.091098 0.35 -3.660588 -0.591098 0.85 -3.660588 -1.091098 0.85 -3.235118 -0.441098 0.2 -3.235118 -1.241098 0.2 -2.835119 0.806394 0.2 -2.835119 -0.441098 0.2 -2.835119 -1.241098 0.2 -2.835119 -6.293606 0.2 -2.810118 0.806394 0.2 -2.810118 -0.441098 0.2 -2.810118 -1.241098 0.2 -2.810118 -6.293606 0.2 -2.435118 -0.441098 0.2 -2.435118 -1.241098 0.2 -0.308958 -2.431931 0.2 -0.308958 -3.862179 0.2 -0.308958 -2.431931 2.2 -0.308958 -3.862179 2.2 -0.298958 -2.441931 0.2 -0.298958 -3.852179 0.2 -0.298958 -2.441931 2.2 -0.298958 -3.852179 2.2 1.181803 -2.441931 0.2 1.181803 -3.852179 0.2 1.181803 -2.441931 2.2 1.181803 -3.852179 2.2 1.191803 -2.431931 0.2 1.191803 -3.862179 0.2 1.191803 -2.431931 2.2 1.191803 -3.862179 2.2 3.191695 -6.293252 0.2 3.191695 -6.293252 2 3.192086 -6.293606 0.2 3.192086 -6.293606 2 3.245547 -3.700304 0.2 3.245547 -6.293252 0.2 3.245547 -6.293252 2 3.245547 -3.700304 2.2 3.245547 -6.293252 2.2 3.255547 -3.710365 0.2 3.255547 -6.293252 0.2 3.255547 -6.293252 2 3.255547 -3.710365 2.2 3.255547 -6.293252 2.2 3.385315 -3.711154 0.2 3.385315 -6.293252 0.2 3.385315 -6.293252 2 3.385315 -3.711154 2.2 3.385315 -6.293252 2.2 3.395315 -3.701215 0.2 3.395315 -6.293252 0.2 3.395315 -6.293252 2 3.395315 -3.701215 2.2 3.395315 -6.293252 2.2 3.638412 8.506747 0 3.638412 1.006394 0 3.638412 8.506747 2 3.638412 1.006394 2 3.66736 0.816394 2 3.66736 0.816394 2.2 3.674297 0.806394 0.2 3.674297 0.806394 2 3.698638 0.806394 0.2 3.698638 0.806394 2.2 3.710811 -6.493252 0 3.710811 -6.493252 2 3.711201 -6.493606 0 3.711201 -6.493606 2 3.830196 0.800694 0.2 3.830196 0.800694 2.2 3.838412 8.306747 0.2 3.838412 7.531215 0.2 3.838412 7.506215 0.2 3.838412 5.966673 0.2 3.838412 5.956673 0.2 3.838412 5.874869 0.2 3.838412 5.864869 0.2 3.838412 0.816394 0.2 3.838412 0.806394 0.2 3.838412 8.306747 2 3.838412 5.966673 2 3.838412 5.956673 2 3.838412 5.874869 2 3.838412 5.864869 2 3.838412 0.816394 2 3.838412 5.966673 2.2 3.838412 5.956673 2.2 3.838412 5.874869 2.2 3.838412 5.864869 2.2 3.838412 0.806394 2.2 3.843646 0.816394 0.2 3.843646 0.816394 2.2 4.90896 4.70745 0.2 4.90896 3.523995 0.2 4.90896 4.70745 2.2 4.90896 3.523995 2.2 4.91896 4.69745 0.2 4.91896 3.533995 0.2 4.91896 4.69745 2.2 4.91896 3.533995 2.2 5.971413 -2.504815 0.2 5.971413 -2.504815 2.2 5.976646 4.69745 0.2 5.976646 3.533995 0.2 5.976646 4.69745 2.2 5.976646 3.533995 2.2 5.981879 -2.484815 0.2 5.981879 -2.484815 2.2 5.986646 4.70745 0.2 5.986646 3.523995 0.2 5.986646 4.70745 2.2 5.986646 3.523995 2.2 6.109482 -2.484815 0.2 6.109482 -2.484815 2.2 6.147698 -2.504815 0.2 6.147698 -2.504815 2.2 6.918563 0.987921 0.2 6.918563 0.866239 0.2 6.918563 0.987921 2.2 6.918563 0.866239 2.2 6.928563 0.977921 0.2 6.928563 0.876239 0.2 6.928563 0.977921 2.2 6.928563 0.876239 2.2 7.235869 5.956673 0.2 7.235869 5.874869 0.2 7.235869 5.956673 2.2 7.235869 5.874869 2.2 7.245869 5.966673 0.2 7.245869 5.864869 0.2 7.245869 5.966673 2.2 7.245869 5.864869 2.2 7.672716 7.931215 0.2 7.672716 7.531215 0.2 7.672716 7.506215 0.2 7.672716 7.131215 0.2 8.010385 3.738451 0.2 8.010385 2.554996 0.2 8.010385 3.738451 2.2 8.010385 2.554996 2.2 8.020385 3.728451 0.2 8.020385 2.564996 0.2 8.020385 3.728451 2.2 8.020385 2.564996 2.2 8.472715 7.931215 0.2 8.472715 7.531215 0.2 8.472715 7.506215 0.2 8.472715 7.131215 0.2 9.183839 3.728451 0.2 9.183839 2.564996 0.2 9.183839 3.728451 2.2 9.183839 2.564996 2.2 9.193839 3.738451 0.2 9.193839 2.554996 0.2 9.193839 3.738451 2.2 9.193839 2.554996 2.2 10.824373 0.987921 0.2 10.824373 0.977921 0.2 10.824373 0.876239 0.2 10.824373 0.866239 0.2 10.824373 0.987921 2.2 10.824373 0.977921 2.2 10.824373 0.876239 2.2 10.824373 0.866239 2.2 10.938413 8.306747 0.2 10.938413 7.531215 0.2 10.938413 7.506215 0.2 10.938413 -6.293252 0.2 10.938413 8.306747 2 10.938413 -6.293252 2 11.138412 8.506747 0 11.138412 -6.493252 0 11.138412 8.506747 2 11.138412 -6.493252 2</float_array>
            <technique_common>
              <accessor source="#geom_003_positions_array" count="188" stride="3">
                <param name="X" type="float" />
                <param name="Y" type="float" />
                <param name="Z" type="float" />
              </accessor>
            </technique_common>
          </source>
          <source id="geom_003_normals"><float_array id="geom_003_normals_array" count="564">0 0 1 0 0 1 0 0 1 0 0 1 0 0 1 0 0 1 0 0 1 0 0 1 0 0 1 0 0 1 0 0 1 0 0 1 0 0 1 0 0 1 0 0 1 0 0 1 0 0 1 0 0 1 0 0 1 0 0 1 0 0 1 0 0 1 0 0 1 0 0 1 0 0 1 0 0 1 0 0 1 0 0 1 0 0 1 0 0 1 0 0 1 0 0 1 0 0 1 0 0 1 0 0 1 0 0 1 0 0 1 0 0 1 0 0 1 0 0 1 0 0 1 0 0 1 0 0 1 0 0 1 0 0 1 0 0 1 0 0 1 0 0 1 0 0 1 0 0 1 0 0 1 0 0 1 0 0 1 0 0 1 0 0 1 0 0 1 0 0 1 0 0 1 0 0 1 0 0 1 0 0 1 0 0 1 0 0 1 0 0 1 0 0 1 0 0 1 0 0 1 0 0 1 0 0 1 0 0 1 0 0 1 0 0 1 0 0 1 0 0 1 0 0 1 0 0 1 0 0 1 0 0 1 0 0 1 0 0 1 0 0 1 0 0 1 0 0 1 0 0 1 0 0 1 0 0 1 0 0 1 0 0 1 0 0 1 0 0 1 0 0 1 0 0 1 0 0 1 0 0 1 0 0 1 0 0 1 0 0 1 0 0 1 0 0 1 0 0 1 0 0 1 0 0 1 0 0 1 0 0 1 0 0 1 0 0 1 0 0 1 0 0 1 0 0 1 0 0 1 0 0 1 0 0 1 0 0 1 0 0 1 0 0 1 0 0 1 0 0 1 0 0 1 0 0 1 0 0 1 0 0 1 0 0 1 0 0 1 0 0 1 0 0 1 0 0 1 0 0 1 0 0 1 0 0 1 0 0 1 0 0 1 0 0 1 0 0 1 0 0 1 0 0 1 0 0 1 0 0 1 0 0 1 0 0 1 0 0 1 0 0 1 0 0 1 0 0 1 0 0 1 0 0 1 0 0 1 0 0 1 0 0 1 0 0 1 0 0 1 0 0 1 0 0 1 0 0 1 0 0 1 0 0 1 0 0 1 0 0 1 0 0 1 0 0 1 0 0 1 0 0 1 0 0 1 0 0 1 0 0 1 0 0 1 0 0 1 0 0 1 0 0 1 0 0 1 0 0 1 0 0 1 0 0 1 0 0 1 0 0 1 0 0 1 0 0 1 0 0 1 0 0 1 0 0 1 0 0 1 0 0 1 0 0 1 0 0 1 0 0 1 0 0 1 0 0 1 0 0 1 0 0 1</float_array><technique_common><accessor source="#geom_003_normals_array" count="188" stride="3"><param name="X" type="float" /><param name="Y" type="float" /><param name="Z" type="float" /></accessor></technique_common></source><vertices id="geom_003_vertices">
            <input semantic="POSITION" source="#geom_003_positions" />
          </vertices>
          <triangles count="2" material="mat_003">
            <input semantic="VERTEX" source="#geom_003_vertices" offset="0" />
            <input semantic="NORMAL" source="#geom_003_normals" offset="1" /><p>160 160 159 159 148 148 148 148 159 159 147 147</p>
          </triangles>
        </mesh>
      </geometry>

      <geometry id="geom_004" name="material_004">
        <mesh>
          <source id="geom_004_positions">
            <float_array id="geom_004_positions_array" count="564">-3.861588 1.006394 0 -3.861588 -6.493606 0 -3.861588 1.006394 2 -3.861588 -6.493606 2 -3.661588 0.806394 0.2 -3.661588 -6.293606 0.2 -3.661588 -0.591098 0.35 -3.661588 -1.091098 0.35 -3.661588 -0.591098 0.85 -3.661588 -1.091098 0.85 -3.661588 0.806394 2 -3.661588 -6.293606 2 -3.660588 -0.591098 0.35 -3.660588 -1.091098 0.35 -3.660588 -0.591098 0.85 -3.660588 -1.091098 0.85 -3.235118 -0.441098 0.2 -3.235118 -1.241098 0.2 -2.835119 0.806394 0.2 -2.835119 -0.441098 0.2 -2.835119 -1.241098 0.2 -2.835119 -6.293606 0.2 -2.810118 0.806394 0.2 -2.810118 -0.441098 0.2 -2.810118 -1.241098 0.2 -2.810118 -6.293606 0.2 -2.435118 -0.441098 0.2 -2.435118 -1.241098 0.2 -0.308958 -2.431931 0.2 -0.308958 -3.862179 0.2 -0.308958 -2.431931 2.2 -0.308958 -3.862179 2.2 -0.298958 -2.441931 0.2 -0.298958 -3.852179 0.2 -0.298958 -2.441931 2.2 -0.298958 -3.852179 2.2 1.181803 -2.441931 0.2 1.181803 -3.852179 0.2 1.181803 -2.441931 2.2 1.181803 -3.852179 2.2 1.191803 -2.431931 0.2 1.191803 -3.862179 0.2 1.191803 -2.431931 2.2 1.191803 -3.862179 2.2 3.191695 -6.293252 0.2 3.191695 -6.293252 2 3.192086 -6.293606 0.2 3.192086 -6.293606 2 3.245547 -3.700304 0.2 3.245547 -6.293252 0.2 3.245547 -6.293252 2 3.245547 -3.700304 2.2 3.245547 -6.293252 2.2 3.255547 -3.710365 0.2 3.255547 -6.293252 0.2 3.255547 -6.293252 2 3.255547 -3.710365 2.2 3.255547 -6.293252 2.2 3.385315 -3.711154 0.2 3.385315 -6.293252 0.2 3.385315 -6.293252 2 3.385315 -3.711154 2.2 3.385315 -6.293252 2.2 3.395315 -3.701215 0.2 3.395315 -6.293252 0.2 3.395315 -6.293252 2 3.395315 -3.701215 2.2 3.395315 -6.293252 2.2 3.638412 8.506747 0 3.638412 1.006394 0 3.638412 8.506747 2 3.638412 1.006394 2 3.66736 0.816394 2 3.66736 0.816394 2.2 3.674297 0.806394 0.2 3.674297 0.806394 2 3.698638 0.806394 0.2 3.698638 0.806394 2.2 3.710811 -6.493252 0 3.710811 -6.493252 2 3.711201 -6.493606 0 3.711201 -6.493606 2 3.830196 0.800694 0.2 3.830196 0.800694 2.2 3.838412 8.306747 0.2 3.838412 7.531215 0.2 3.838412 7.506215 0.2 3.838412 5.966673 0.2 3.838412 5.956673 0.2 3.838412 5.874869 0.2 3.838412 5.864869 0.2 3.838412 0.816394 0.2 3.838412 0.806394 0.2 3.838412 8.306747 2 3.838412 5.966673 2 3.838412 5.956673 2 3.838412 5.874869 2 3.838412 5.864869 2 3.838412 0.816394 2 3.838412 5.966673 2.2 3.838412 5.956673 2.2 3.838412 5.874869 2.2 3.838412 5.864869 2.2 3.838412 0.806394 2.2 3.843646 0.816394 0.2 3.843646 0.816394 2.2 4.90896 4.70745 0.2 4.90896 3.523995 0.2 4.90896 4.70745 2.2 4.90896 3.523995 2.2 4.91896 4.69745 0.2 4.91896 3.533995 0.2 4.91896 4.69745 2.2 4.91896 3.533995 2.2 5.971413 -2.504815 0.2 5.971413 -2.504815 2.2 5.976646 4.69745 0.2 5.976646 3.533995 0.2 5.976646 4.69745 2.2 5.976646 3.533995 2.2 5.981879 -2.484815 0.2 5.981879 -2.484815 2.2 5.986646 4.70745 0.2 5.986646 3.523995 0.2 5.986646 4.70745 2.2 5.986646 3.523995 2.2 6.109482 -2.484815 0.2 6.109482 -2.484815 2.2 6.147698 -2.504815 0.2 6.147698 -2.504815 2.2 6.918563 0.987921 0.2 6.918563 0.866239 0.2 6.918563 0.987921 2.2 6.918563 0.866239 2.2 6.928563 0.977921 0.2 6.928563 0.876239 0.2 6.928563 0.977921 2.2 6.928563 0.876239 2.2 7.235869 5.956673 0.2 7.235869 5.874869 0.2 7.235869 5.956673 2.2 7.235869 5.874869 2.2 7.245869 5.966673 0.2 7.245869 5.864869 0.2 7.245869 5.966673 2.2 7.245869 5.864869 2.2 7.672716 7.931215 0.2 7.672716 7.531215 0.2 7.672716 7.506215 0.2 7.672716 7.131215 0.2 8.010385 3.738451 0.2 8.010385 2.554996 0.2 8.010385 3.738451 2.2 8.010385 2.554996 2.2 8.020385 3.728451 0.2 8.020385 2.564996 0.2 8.020385 3.728451 2.2 8.020385 2.564996 2.2 8.472715 7.931215 0.2 8.472715 7.531215 0.2 8.472715 7.506215 0.2 8.472715 7.131215 0.2 9.183839 3.728451 0.2 9.183839 2.564996 0.2 9.183839 3.728451 2.2 9.183839 2.564996 2.2 9.193839 3.738451 0.2 9.193839 2.554996 0.2 9.193839 3.738451 2.2 9.193839 2.554996 2.2 10.824373 0.987921 0.2 10.824373 0.977921 0.2 10.824373 0.876239 0.2 10.824373 0.866239 0.2 10.824373 0.987921 2.2 10.824373 0.977921 2.2 10.824373 0.876239 2.2 10.824373 0.866239 2.2 10.938413 8.306747 0.2 10.938413 7.531215 0.2 10.938413 7.506215 0.2 10.938413 -6.293252 0.2 10.938413 8.306747 2 10.938413 -6.293252 2 11.138412 8.506747 0 11.138412 -6.493252 0 11.138412 8.506747 2 11.138412 -6.493252 2</float_array>
            <technique_common>
              <accessor source="#geom_004_positions_array" count="188" stride="3">
                <param name="X" type="float" />
                <param name="Y" type="float" />
                <param name="Z" type="float" />
              </accessor>
            </technique_common>
          </source>
          <source id="geom_004_normals"><float_array id="geom_004_normals_array" count="564">0 0 1 0 0 1 0 0 1 0 0 1 0 0 1 0 0 1 0 0 1 0 0 1 0 0 1 0 0 1 0 0 1 0 0 1 0 0 1 0 0 1 0 0 1 0 0 1 0 0 1 0 0 1 0 0 1 0 0 1 0 0 1 0 0 1 0 0 1 0 0 1 0 0 1 0 0 1 0 0 1 0 0 1 0 0 1 0 0 1 0 0 1 0 0 1 0 0 1 0 0 1 0 0 1 0 0 1 0 0 1 0 0 1 0 0 1 0 0 1 0 0 1 0 0 1 0 0 1 0 0 1 0 0 1 0 0 1 0 0 1 0 0 1 0 0 1 0 0 1 0 0 1 0 0 1 0 0 1 0 0 1 0 0 1 0 0 1 0 0 1 0 0 1 0 0 1 0 0 1 0 0 1 0 0 1 0 0 1 0 0 1 0 0 1 0 0 1 0 0 1 0 0 1 0 0 1 0 0 1 0 0 1 0 0 1 0 0 1 0 0 1 0 0 1 0 0 1 0 0 1 0 0 1 0 0 1 0 0 1 0 0 1 0 0 1 0 0 1 0 0 1 0 0 1 0 0 1 0 0 1 0 0 1 0 0 1 0 0 1 0 0 1 0 0 1 0 0 1 0 0 1 0 0 1 0 0 1 0 0 1 0 0 1 0 0 1 0 0 1 0 0 1 0 0 1 0 0 1 0 0 1 0 0 1 0 0 1 0 0 1 0 0 1 0 0 1 0 0 1 0 0 1 0 0 1 0 0 1 0 0 1 0 0 1 0 0 1 0 0 1 0 0 1 0 0 1 0 0 1 0 0 1 0 0 1 0 0 1 0 0 1 0 0 1 0 0 1 0 0 1 0 0 1 0 0 1 0 0 1 0 0 1 0 0 1 0 0 1 0 0 1 0 0 1 0 0 1 0 0 1 0 0 1 0 0 1 0 0 1 0 0 1 0 0 1 0 0 1 0 0 1 0 0 1 0 0 1 0 0 1 0 0 1 0 0 1 0 0 1 0 0 1 0 0 1 0 0 1 0 0 1 0 0 1 0 0 1 0 0 1 0 0 1 0 0 1 0 0 1 0 0 1 0 0 1 0 0 1 0 0 1 0 0 1 0 0 1 0 0 1 0 0 1 0 0 1 0 0 1 0 0 1 0 0 1 0 0 1 0 0 1 0 0 1 0 0 1 0 0 1 0 0 1 0 0 1 0 0 1 0 0 1 0 0 1 0 0 1 0 0 1 0 0 1 0 0 1 0 0 1 0 0 1</float_array><technique_common><accessor source="#geom_004_normals_array" count="188" stride="3"><param name="X" type="float" /><param name="Y" type="float" /><param name="Z" type="float" /></accessor></technique_common></source><vertices id="geom_004_vertices">
            <input semantic="POSITION" source="#geom_004_positions" />
          </vertices>
          <triangles count="2" material="mat_004">
            <input semantic="VERTEX" source="#geom_004_vertices" offset="0" />
            <input semantic="NORMAL" source="#geom_004_normals" offset="1" /><p>24 24 20 20 25 25 25 25 20 20 21 21</p>
          </triangles>
        </mesh>
      </geometry>

      <geometry id="geom_005" name="material_005">
        <mesh>
          <source id="geom_005_positions">
            <float_array id="geom_005_positions_array" count="564">-3.861588 1.006394 0 -3.861588 -6.493606 0 -3.861588 1.006394 2 -3.861588 -6.493606 2 -3.661588 0.806394 0.2 -3.661588 -6.293606 0.2 -3.661588 -0.591098 0.35 -3.661588 -1.091098 0.35 -3.661588 -0.591098 0.85 -3.661588 -1.091098 0.85 -3.661588 0.806394 2 -3.661588 -6.293606 2 -3.660588 -0.591098 0.35 -3.660588 -1.091098 0.35 -3.660588 -0.591098 0.85 -3.660588 -1.091098 0.85 -3.235118 -0.441098 0.2 -3.235118 -1.241098 0.2 -2.835119 0.806394 0.2 -2.835119 -0.441098 0.2 -2.835119 -1.241098 0.2 -2.835119 -6.293606 0.2 -2.810118 0.806394 0.2 -2.810118 -0.441098 0.2 -2.810118 -1.241098 0.2 -2.810118 -6.293606 0.2 -2.435118 -0.441098 0.2 -2.435118 -1.241098 0.2 -0.308958 -2.431931 0.2 -0.308958 -3.862179 0.2 -0.308958 -2.431931 2.2 -0.308958 -3.862179 2.2 -0.298958 -2.441931 0.2 -0.298958 -3.852179 0.2 -0.298958 -2.441931 2.2 -0.298958 -3.852179 2.2 1.181803 -2.441931 0.2 1.181803 -3.852179 0.2 1.181803 -2.441931 2.2 1.181803 -3.852179 2.2 1.191803 -2.431931 0.2 1.191803 -3.862179 0.2 1.191803 -2.431931 2.2 1.191803 -3.862179 2.2 3.191695 -6.293252 0.2 3.191695 -6.293252 2 3.192086 -6.293606 0.2 3.192086 -6.293606 2 3.245547 -3.700304 0.2 3.245547 -6.293252 0.2 3.245547 -6.293252 2 3.245547 -3.700304 2.2 3.245547 -6.293252 2.2 3.255547 -3.710365 0.2 3.255547 -6.293252 0.2 3.255547 -6.293252 2 3.255547 -3.710365 2.2 3.255547 -6.293252 2.2 3.385315 -3.711154 0.2 3.385315 -6.293252 0.2 3.385315 -6.293252 2 3.385315 -3.711154 2.2 3.385315 -6.293252 2.2 3.395315 -3.701215 0.2 3.395315 -6.293252 0.2 3.395315 -6.293252 2 3.395315 -3.701215 2.2 3.395315 -6.293252 2.2 3.638412 8.506747 0 3.638412 1.006394 0 3.638412 8.506747 2 3.638412 1.006394 2 3.66736 0.816394 2 3.66736 0.816394 2.2 3.674297 0.806394 0.2 3.674297 0.806394 2 3.698638 0.806394 0.2 3.698638 0.806394 2.2 3.710811 -6.493252 0 3.710811 -6.493252 2 3.711201 -6.493606 0 3.711201 -6.493606 2 3.830196 0.800694 0.2 3.830196 0.800694 2.2 3.838412 8.306747 0.2 3.838412 7.531215 0.2 3.838412 7.506215 0.2 3.838412 5.966673 0.2 3.838412 5.956673 0.2 3.838412 5.874869 0.2 3.838412 5.864869 0.2 3.838412 0.816394 0.2 3.838412 0.806394 0.2 3.838412 8.306747 2 3.838412 5.966673 2 3.838412 5.956673 2 3.838412 5.874869 2 3.838412 5.864869 2 3.838412 0.816394 2 3.838412 5.966673 2.2 3.838412 5.956673 2.2 3.838412 5.874869 2.2 3.838412 5.864869 2.2 3.838412 0.806394 2.2 3.843646 0.816394 0.2 3.843646 0.816394 2.2 4.90896 4.70745 0.2 4.90896 3.523995 0.2 4.90896 4.70745 2.2 4.90896 3.523995 2.2 4.91896 4.69745 0.2 4.91896 3.533995 0.2 4.91896 4.69745 2.2 4.91896 3.533995 2.2 5.971413 -2.504815 0.2 5.971413 -2.504815 2.2 5.976646 4.69745 0.2 5.976646 3.533995 0.2 5.976646 4.69745 2.2 5.976646 3.533995 2.2 5.981879 -2.484815 0.2 5.981879 -2.484815 2.2 5.986646 4.70745 0.2 5.986646 3.523995 0.2 5.986646 4.70745 2.2 5.986646 3.523995 2.2 6.109482 -2.484815 0.2 6.109482 -2.484815 2.2 6.147698 -2.504815 0.2 6.147698 -2.504815 2.2 6.918563 0.987921 0.2 6.918563 0.866239 0.2 6.918563 0.987921 2.2 6.918563 0.866239 2.2 6.928563 0.977921 0.2 6.928563 0.876239 0.2 6.928563 0.977921 2.2 6.928563 0.876239 2.2 7.235869 5.956673 0.2 7.235869 5.874869 0.2 7.235869 5.956673 2.2 7.235869 5.874869 2.2 7.245869 5.966673 0.2 7.245869 5.864869 0.2 7.245869 5.966673 2.2 7.245869 5.864869 2.2 7.672716 7.931215 0.2 7.672716 7.531215 0.2 7.672716 7.506215 0.2 7.672716 7.131215 0.2 8.010385 3.738451 0.2 8.010385 2.554996 0.2 8.010385 3.738451 2.2 8.010385 2.554996 2.2 8.020385 3.728451 0.2 8.020385 2.564996 0.2 8.020385 3.728451 2.2 8.020385 2.564996 2.2 8.472715 7.931215 0.2 8.472715 7.531215 0.2 8.472715 7.506215 0.2 8.472715 7.131215 0.2 9.183839 3.728451 0.2 9.183839 2.564996 0.2 9.183839 3.728451 2.2 9.183839 2.564996 2.2 9.193839 3.738451 0.2 9.193839 2.554996 0.2 9.193839 3.738451 2.2 9.193839 2.554996 2.2 10.824373 0.987921 0.2 10.824373 0.977921 0.2 10.824373 0.876239 0.2 10.824373 0.866239 0.2 10.824373 0.987921 2.2 10.824373 0.977921 2.2 10.824373 0.876239 2.2 10.824373 0.866239 2.2 10.938413 8.306747 0.2 10.938413 7.531215 0.2 10.938413 7.506215 0.2 10.938413 -6.293252 0.2 10.938413 8.306747 2 10.938413 -6.293252 2 11.138412 8.506747 0 11.138412 -6.493252 0 11.138412 8.506747 2 11.138412 -6.493252 2</float_array>
            <technique_common>
              <accessor source="#geom_005_positions_array" count="188" stride="3">
                <param name="X" type="float" />
                <param name="Y" type="float" />
                <param name="Z" type="float" />
              </accessor>
            </technique_common>
          </source>
          <source id="geom_005_normals"><float_array id="geom_005_normals_array" count="564">0 0 1 0 0 1 0 0 1 0 0 1 0 0 1 0 0 1 0 0 1 0 0 1 0 0 1 0 0 1 0 0 1 0 0 1 0 0 1 0 0 1 0 0 1 0 0 1 0 0 1 0 0 1 0 0 1 0 0 1 0 0 1 0 0 1 0 0 1 0 0 1 0 0 1 0 0 1 0 0 1 0 0 1 0 0 1 0 0 1 0 0 1 0 0 1 0 0 1 0 0 1 0 0 1 0 0 1 0 0 1 0 0 1 0 0 1 0 0 1 0 0 1 0 0 1 0 0 1 0 0 1 0 0 1 0 0 1 0 0 1 0 0 1 0 0 1 0 0 1 0 0 1 0 0 1 0 0 1 0 0 1 0 0 1 0 0 1 0 0 1 0 0 1 0 0 1 0 0 1 0 0 1 0 0 1 0 0 1 0 0 1 0 0 1 0 0 1 0 0 1 0 0 1 0 0 1 0 0 1 0 0 1 0 0 1 0 0 1 0 0 1 0 0 1 0 0 1 0 0 1 0 0 1 0 0 1 0 0 1 0 0 1 0 0 1 0 0 1 0 0 1 0 0 1 0 0 1 0 0 1 0 0 1 0 0 1 0 0 1 0 0 1 0 0 1 0 0 1 0 0 1 0 0 1 0 0 1 0 0 1 0 0 1 0 0 1 0 0 1 0 0 1 0 0 1 0 0 1 0 0 1 0 0 1 0 0 1 0 0 1 0 0 1 0 0 1 0 0 1 0 0 1 0 0 1 0 0 1 0 0 1 0 0 1 0 0 1 0 0 1 0 0 1 0 0 1 0 0 1 0 0 1 0 0 1 0 0 1 0 0 1 0 0 1 0 0 1 0 0 1 0 0 1 0 0 1 0 0 1 0 0 1 0 0 1 0 0 1 0 0 1 0 0 1 0 0 1 0 0 1 0 0 1 0 0 1 0 0 1 0 0 1 0 0 1 0 0 1 0 0 1 0 0 1 0 0 1 0 0 1 0 0 1 0 0 1 0 0 1 0 0 1 0 0 1 0 0 1 0 0 1 0 0 1 0 0 1 0 0 1 0 0 1 0 0 1 0 0 1 0 0 1 0 0 1 0 0 1 0 0 1 0 0 1 0 0 1 0 0 1 0 0 1 0 0 1 0 0 1 0 0 1 0 0 1 0 0 1 0 0 1 0 0 1 0 0 1 0 0 1 0 0 1 0 0 1 0 0 1 0 0 1 0 0 1 0 0 1 0 0 1 0 0 1 0 0 1 0 0 1 0 0 1</float_array><technique_common><accessor source="#geom_005_normals_array" count="188" stride="3"><param name="X" type="float" /><param name="Y" type="float" /><param name="Z" type="float" /></accessor></technique_common></source><vertices id="geom_005_vertices">
            <input semantic="POSITION" source="#geom_005_positions" />
          </vertices>
          <triangles count="2" material="mat_005">
            <input semantic="VERTEX" source="#geom_005_vertices" offset="0" />
            <input semantic="NORMAL" source="#geom_005_normals" offset="1" /><p>22 22 18 18 23 23 23 23 18 18 19 19</p>
          </triangles>
        </mesh>
      </geometry>

      <geometry id="geom_006" name="material_006">
        <mesh>
          <source id="geom_006_positions">
            <float_array id="geom_006_positions_array" count="564">-3.861588 1.006394 0 -3.861588 -6.493606 0 -3.861588 1.006394 2 -3.861588 -6.493606 2 -3.661588 0.806394 0.2 -3.661588 -6.293606 0.2 -3.661588 -0.591098 0.35 -3.661588 -1.091098 0.35 -3.661588 -0.591098 0.85 -3.661588 -1.091098 0.85 -3.661588 0.806394 2 -3.661588 -6.293606 2 -3.660588 -0.591098 0.35 -3.660588 -1.091098 0.35 -3.660588 -0.591098 0.85 -3.660588 -1.091098 0.85 -3.235118 -0.441098 0.2 -3.235118 -1.241098 0.2 -2.835119 0.806394 0.2 -2.835119 -0.441098 0.2 -2.835119 -1.241098 0.2 -2.835119 -6.293606 0.2 -2.810118 0.806394 0.2 -2.810118 -0.441098 0.2 -2.810118 -1.241098 0.2 -2.810118 -6.293606 0.2 -2.435118 -0.441098 0.2 -2.435118 -1.241098 0.2 -0.308958 -2.431931 0.2 -0.308958 -3.862179 0.2 -0.308958 -2.431931 2.2 -0.308958 -3.862179 2.2 -0.298958 -2.441931 0.2 -0.298958 -3.852179 0.2 -0.298958 -2.441931 2.2 -0.298958 -3.852179 2.2 1.181803 -2.441931 0.2 1.181803 -3.852179 0.2 1.181803 -2.441931 2.2 1.181803 -3.852179 2.2 1.191803 -2.431931 0.2 1.191803 -3.862179 0.2 1.191803 -2.431931 2.2 1.191803 -3.862179 2.2 3.191695 -6.293252 0.2 3.191695 -6.293252 2 3.192086 -6.293606 0.2 3.192086 -6.293606 2 3.245547 -3.700304 0.2 3.245547 -6.293252 0.2 3.245547 -6.293252 2 3.245547 -3.700304 2.2 3.245547 -6.293252 2.2 3.255547 -3.710365 0.2 3.255547 -6.293252 0.2 3.255547 -6.293252 2 3.255547 -3.710365 2.2 3.255547 -6.293252 2.2 3.385315 -3.711154 0.2 3.385315 -6.293252 0.2 3.385315 -6.293252 2 3.385315 -3.711154 2.2 3.385315 -6.293252 2.2 3.395315 -3.701215 0.2 3.395315 -6.293252 0.2 3.395315 -6.293252 2 3.395315 -3.701215 2.2 3.395315 -6.293252 2.2 3.638412 8.506747 0 3.638412 1.006394 0 3.638412 8.506747 2 3.638412 1.006394 2 3.66736 0.816394 2 3.66736 0.816394 2.2 3.674297 0.806394 0.2 3.674297 0.806394 2 3.698638 0.806394 0.2 3.698638 0.806394 2.2 3.710811 -6.493252 0 3.710811 -6.493252 2 3.711201 -6.493606 0 3.711201 -6.493606 2 3.830196 0.800694 0.2 3.830196 0.800694 2.2 3.838412 8.306747 0.2 3.838412 7.531215 0.2 3.838412 7.506215 0.2 3.838412 5.966673 0.2 3.838412 5.956673 0.2 3.838412 5.874869 0.2 3.838412 5.864869 0.2 3.838412 0.816394 0.2 3.838412 0.806394 0.2 3.838412 8.306747 2 3.838412 5.966673 2 3.838412 5.956673 2 3.838412 5.874869 2 3.838412 5.864869 2 3.838412 0.816394 2 3.838412 5.966673 2.2 3.838412 5.956673 2.2 3.838412 5.874869 2.2 3.838412 5.864869 2.2 3.838412 0.806394 2.2 3.843646 0.816394 0.2 3.843646 0.816394 2.2 4.90896 4.70745 0.2 4.90896 3.523995 0.2 4.90896 4.70745 2.2 4.90896 3.523995 2.2 4.91896 4.69745 0.2 4.91896 3.533995 0.2 4.91896 4.69745 2.2 4.91896 3.533995 2.2 5.971413 -2.504815 0.2 5.971413 -2.504815 2.2 5.976646 4.69745 0.2 5.976646 3.533995 0.2 5.976646 4.69745 2.2 5.976646 3.533995 2.2 5.981879 -2.484815 0.2 5.981879 -2.484815 2.2 5.986646 4.70745 0.2 5.986646 3.523995 0.2 5.986646 4.70745 2.2 5.986646 3.523995 2.2 6.109482 -2.484815 0.2 6.109482 -2.484815 2.2 6.147698 -2.504815 0.2 6.147698 -2.504815 2.2 6.918563 0.987921 0.2 6.918563 0.866239 0.2 6.918563 0.987921 2.2 6.918563 0.866239 2.2 6.928563 0.977921 0.2 6.928563 0.876239 0.2 6.928563 0.977921 2.2 6.928563 0.876239 2.2 7.235869 5.956673 0.2 7.235869 5.874869 0.2 7.235869 5.956673 2.2 7.235869 5.874869 2.2 7.245869 5.966673 0.2 7.245869 5.864869 0.2 7.245869 5.966673 2.2 7.245869 5.864869 2.2 7.672716 7.931215 0.2 7.672716 7.531215 0.2 7.672716 7.506215 0.2 7.672716 7.131215 0.2 8.010385 3.738451 0.2 8.010385 2.554996 0.2 8.010385 3.738451 2.2 8.010385 2.554996 2.2 8.020385 3.728451 0.2 8.020385 2.564996 0.2 8.020385 3.728451 2.2 8.020385 2.564996 2.2 8.472715 7.931215 0.2 8.472715 7.531215 0.2 8.472715 7.506215 0.2 8.472715 7.131215 0.2 9.183839 3.728451 0.2 9.183839 2.564996 0.2 9.183839 3.728451 2.2 9.183839 2.564996 2.2 9.193839 3.738451 0.2 9.193839 2.554996 0.2 9.193839 3.738451 2.2 9.193839 2.554996 2.2 10.824373 0.987921 0.2 10.824373 0.977921 0.2 10.824373 0.876239 0.2 10.824373 0.866239 0.2 10.824373 0.987921 2.2 10.824373 0.977921 2.2 10.824373 0.876239 2.2 10.824373 0.866239 2.2 10.938413 8.306747 0.2 10.938413 7.531215 0.2 10.938413 7.506215 0.2 10.938413 -6.293252 0.2 10.938413 8.306747 2 10.938413 -6.293252 2 11.138412 8.506747 0 11.138412 -6.493252 0 11.138412 8.506747 2 11.138412 -6.493252 2</float_array>
            <technique_common>
              <accessor source="#geom_006_positions_array" count="188" stride="3">
                <param name="X" type="float" />
                <param name="Y" type="float" />
                <param name="Z" type="float" />
              </accessor>
            </technique_common>
          </source>
          <source id="geom_006_normals"><float_array id="geom_006_normals_array" count="564">0 0 1 0 0 1 0 0 1 0 0 1 0 0 1 0 0 1 0 0 1 0 0 1 0 0 1 0 0 1 0 0 1 0 0 1 0 0 1 0 0 1 0 0 1 0 0 1 0 0 1 0 0 1 0 0 1 0 0 1 0 0 1 0 0 1 0 0 1 0 0 1 0 0 1 0 0 1 0 0 1 0 0 1 0 0 1 0 0 1 0 0 1 0 0 1 0 0 1 0 0 1 0 0 1 0 0 1 0 0 1 0 0 1 0 0 1 0 0 1 0 0 1 0 0 1 0 0 1 0 0 1 0 0 1 0 0 1 0 0 1 0 0 1 0 0 1 0 0 1 0 0 1 0 0 1 0 0 1 0 0 1 0 0 1 0 0 1 0 0 1 0 0 1 0 0 1 0 0 1 0 0 1 0 0 1 0 0 1 0 0 1 0 0 1 0 0 1 0 0 1 0 0 1 0 0 1 0 0 1 0 0 1 0 0 1 0 0 1 0 0 1 0 0 1 0 0 1 0 0 1 0 0 1 0 0 1 0 0 1 0 0 1 0 0 1 0 0 1 0 0 1 0 0 1 0 0 1 0 0 1 0 0 1 0 0 1 0 0 1 0 0 1 0 0 1 0 0 1 0 0 1 0 0 1 0 0 1 0 0 1 0 0 1 0 0 1 0 0 1 0 0 1 0 0 1 0 0 1 0 0 1 0 0 1 0 0 1 0 0 1 0 0 1 0 0 1 0 0 1 0 0 1 0 0 1 0 0 1 0 0 1 0 0 1 0 0 1 0 0 1 0 0 1 0 0 1 0 0 1 0 0 1 0 0 1 0 0 1 0 0 1 0 0 1 0 0 1 0 0 1 0 0 1 0 0 1 0 0 1 0 0 1 0 0 1 0 0 1 0 0 1 0 0 1 0 0 1 0 0 1 0 0 1 0 0 1 0 0 1 0 0 1 0 0 1 0 0 1 0 0 1 0 0 1 0 0 1 0 0 1 0 0 1 0 0 1 0 0 1 0 0 1 0 0 1 0 0 1 0 0 1 0 0 1 0 0 1 0 0 1 0 0 1 0 0 1 0 0 1 0 0 1 0 0 1 0 0 1 0 0 1 0 0 1 0 0 1 0 0 1 0 0 1 0 0 1 0 0 1 0 0 1 0 0 1 0 0 1 0 0 1 0 0 1 0 0 1 0 0 1 0 0 1 0 0 1 0 0 1 0 0 1 0 0 1 0 0 1 0 0 1 0 0 1 0 0 1 0 0 1 0 0 1</float_array><technique_common><accessor source="#geom_006_normals_array" count="188" stride="3"><param name="X" type="float" /><param name="Y" type="float" /><param name="Z" type="float" /></accessor></technique_common></source><vertices id="geom_006_vertices">
            <input semantic="POSITION" source="#geom_006_positions" />
          </vertices>
          <triangles count="2" material="mat_006">
            <input semantic="VERTEX" source="#geom_006_vertices" offset="0" />
            <input semantic="NORMAL" source="#geom_006_normals" offset="1" /><p>23 23 19 19 24 24 24 24 19 19 20 20</p>
          </triangles>
        </mesh>
      </geometry>

      <geometry id="geom_007" name="material_007">
        <mesh>
          <source id="geom_007_positions">
            <float_array id="geom_007_positions_array" count="564">-3.861588 1.006394 0 -3.861588 -6.493606 0 -3.861588 1.006394 2 -3.861588 -6.493606 2 -3.661588 0.806394 0.2 -3.661588 -6.293606 0.2 -3.661588 -0.591098 0.35 -3.661588 -1.091098 0.35 -3.661588 -0.591098 0.85 -3.661588 -1.091098 0.85 -3.661588 0.806394 2 -3.661588 -6.293606 2 -3.660588 -0.591098 0.35 -3.660588 -1.091098 0.35 -3.660588 -0.591098 0.85 -3.660588 -1.091098 0.85 -3.235118 -0.441098 0.2 -3.235118 -1.241098 0.2 -2.835119 0.806394 0.2 -2.835119 -0.441098 0.2 -2.835119 -1.241098 0.2 -2.835119 -6.293606 0.2 -2.810118 0.806394 0.2 -2.810118 -0.441098 0.2 -2.810118 -1.241098 0.2 -2.810118 -6.293606 0.2 -2.435118 -0.441098 0.2 -2.435118 -1.241098 0.2 -0.308958 -2.431931 0.2 -0.308958 -3.862179 0.2 -0.308958 -2.431931 2.2 -0.308958 -3.862179 2.2 -0.298958 -2.441931 0.2 -0.298958 -3.852179 0.2 -0.298958 -2.441931 2.2 -0.298958 -3.852179 2.2 1.181803 -2.441931 0.2 1.181803 -3.852179 0.2 1.181803 -2.441931 2.2 1.181803 -3.852179 2.2 1.191803 -2.431931 0.2 1.191803 -3.862179 0.2 1.191803 -2.431931 2.2 1.191803 -3.862179 2.2 3.191695 -6.293252 0.2 3.191695 -6.293252 2 3.192086 -6.293606 0.2 3.192086 -6.293606 2 3.245547 -3.700304 0.2 3.245547 -6.293252 0.2 3.245547 -6.293252 2 3.245547 -3.700304 2.2 3.245547 -6.293252 2.2 3.255547 -3.710365 0.2 3.255547 -6.293252 0.2 3.255547 -6.293252 2 3.255547 -3.710365 2.2 3.255547 -6.293252 2.2 3.385315 -3.711154 0.2 3.385315 -6.293252 0.2 3.385315 -6.293252 2 3.385315 -3.711154 2.2 3.385315 -6.293252 2.2 3.395315 -3.701215 0.2 3.395315 -6.293252 0.2 3.395315 -6.293252 2 3.395315 -3.701215 2.2 3.395315 -6.293252 2.2 3.638412 8.506747 0 3.638412 1.006394 0 3.638412 8.506747 2 3.638412 1.006394 2 3.66736 0.816394 2 3.66736 0.816394 2.2 3.674297 0.806394 0.2 3.674297 0.806394 2 3.698638 0.806394 0.2 3.698638 0.806394 2.2 3.710811 -6.493252 0 3.710811 -6.493252 2 3.711201 -6.493606 0 3.711201 -6.493606 2 3.830196 0.800694 0.2 3.830196 0.800694 2.2 3.838412 8.306747 0.2 3.838412 7.531215 0.2 3.838412 7.506215 0.2 3.838412 5.966673 0.2 3.838412 5.956673 0.2 3.838412 5.874869 0.2 3.838412 5.864869 0.2 3.838412 0.816394 0.2 3.838412 0.806394 0.2 3.838412 8.306747 2 3.838412 5.966673 2 3.838412 5.956673 2 3.838412 5.874869 2 3.838412 5.864869 2 3.838412 0.816394 2 3.838412 5.966673 2.2 3.838412 5.956673 2.2 3.838412 5.874869 2.2 3.838412 5.864869 2.2 3.838412 0.806394 2.2 3.843646 0.816394 0.2 3.843646 0.816394 2.2 4.90896 4.70745 0.2 4.90896 3.523995 0.2 4.90896 4.70745 2.2 4.90896 3.523995 2.2 4.91896 4.69745 0.2 4.91896 3.533995 0.2 4.91896 4.69745 2.2 4.91896 3.533995 2.2 5.971413 -2.504815 0.2 5.971413 -2.504815 2.2 5.976646 4.69745 0.2 5.976646 3.533995 0.2 5.976646 4.69745 2.2 5.976646 3.533995 2.2 5.981879 -2.484815 0.2 5.981879 -2.484815 2.2 5.986646 4.70745 0.2 5.986646 3.523995 0.2 5.986646 4.70745 2.2 5.986646 3.523995 2.2 6.109482 -2.484815 0.2 6.109482 -2.484815 2.2 6.147698 -2.504815 0.2 6.147698 -2.504815 2.2 6.918563 0.987921 0.2 6.918563 0.866239 0.2 6.918563 0.987921 2.2 6.918563 0.866239 2.2 6.928563 0.977921 0.2 6.928563 0.876239 0.2 6.928563 0.977921 2.2 6.928563 0.876239 2.2 7.235869 5.956673 0.2 7.235869 5.874869 0.2 7.235869 5.956673 2.2 7.235869 5.874869 2.2 7.245869 5.966673 0.2 7.245869 5.864869 0.2 7.245869 5.966673 2.2 7.245869 5.864869 2.2 7.672716 7.931215 0.2 7.672716 7.531215 0.2 7.672716 7.506215 0.2 7.672716 7.131215 0.2 8.010385 3.738451 0.2 8.010385 2.554996 0.2 8.010385 3.738451 2.2 8.010385 2.554996 2.2 8.020385 3.728451 0.2 8.020385 2.564996 0.2 8.020385 3.728451 2.2 8.020385 2.564996 2.2 8.472715 7.931215 0.2 8.472715 7.531215 0.2 8.472715 7.506215 0.2 8.472715 7.131215 0.2 9.183839 3.728451 0.2 9.183839 2.564996 0.2 9.183839 3.728451 2.2 9.183839 2.564996 2.2 9.193839 3.738451 0.2 9.193839 2.554996 0.2 9.193839 3.738451 2.2 9.193839 2.554996 2.2 10.824373 0.987921 0.2 10.824373 0.977921 0.2 10.824373 0.876239 0.2 10.824373 0.866239 0.2 10.824373 0.987921 2.2 10.824373 0.977921 2.2 10.824373 0.876239 2.2 10.824373 0.866239 2.2 10.938413 8.306747 0.2 10.938413 7.531215 0.2 10.938413 7.506215 0.2 10.938413 -6.293252 0.2 10.938413 8.306747 2 10.938413 -6.293252 2 11.138412 8.506747 0 11.138412 -6.493252 0 11.138412 8.506747 2 11.138412 -6.493252 2</float_array>
            <technique_common>
              <accessor source="#geom_007_positions_array" count="188" stride="3">
                <param name="X" type="float" />
                <param name="Y" type="float" />
                <param name="Z" type="float" />
              </accessor>
            </technique_common>
          </source>
          <source id="geom_007_normals"><float_array id="geom_007_normals_array" count="564">0 0 1 0 0 1 0 0 1 0 0 1 0 0 1 0 0 1 0 0 1 0 0 1 0 0 1 0 0 1 0 0 1 0 0 1 0 0 1 0 0 1 0 0 1 0 0 1 0 0 1 0 0 1 0 0 1 0 0 1 0 0 1 0 0 1 0 0 1 0 0 1 0 0 1 0 0 1 0 0 1 0 0 1 0 0 1 0 0 1 0 0 1 0 0 1 0 0 1 0 0 1 0 0 1 0 0 1 0 0 1 0 0 1 0 0 1 0 0 1 0 0 1 0 0 1 0 0 1 0 0 1 0 0 1 0 0 1 0 0 1 0 0 1 0 0 1 0 0 1 0 0 1 0 0 1 0 0 1 0 0 1 0 0 1 0 0 1 0 0 1 0 0 1 0 0 1 0 0 1 0 0 1 0 0 1 0 0 1 0 0 1 0 0 1 0 0 1 0 0 1 0 0 1 0 0 1 0 0 1 0 0 1 0 0 1 0 0 1 0 0 1 0 0 1 0 0 1 0 0 1 0 0 1 0 0 1 0 0 1 0 0 1 0 0 1 0 0 1 0 0 1 0 0 1 0 0 1 0 0 1 0 0 1 0 0 1 0 0 1 0 0 1 0 0 1 0 0 1 0 0 1 0 0 1 0 0 1 0 0 1 0 0 1 0 0 1 0 0 1 0 0 1 0 0 1 0 0 1 0 0 1 0 0 1 0 0 1 0 0 1 0 0 1 0 0 1 0 0 1 0 0 1 0 0 1 0 0 1 0 0 1 0 0 1 0 0 1 0 0 1 0 0 1 0 0 1 0 0 1 0 0 1 0 0 1 0 0 1 0 0 1 0 0 1 0 0 1 0 0 1 0 0 1 0 0 1 0 0 1 0 0 1 0 0 1 0 0 1 0 0 1 0 0 1 0 0 1 0 0 1 0 0 1 0 0 1 0 0 1 0 0 1 0 0 1 0 0 1 0 0 1 0 0 1 0 0 1 0 0 1 0 0 1 0 0 1 0 0 1 0 0 1 0 0 1 0 0 1 0 0 1 0 0 1 0 0 1 0 0 1 0 0 1 0 0 1 0 0 1 0 0 1 0 0 1 0 0 1 0 0 1 0 0 1 0 0 1 0 0 1 0 0 1 0 0 1 0 0 1 0 0 1 0 0 1 0 0 1 0 0 1 0 0 1 0 0 1 0 0 1 0 0 1 0 0 1 0 0 1 0 0 1 0 0 1 0 0 1 0 0 1 0 0 1 0 0 1 0 0 1 0 0 1</float_array><technique_common><accessor source="#geom_007_normals_array" count="188" stride="3"><param name="X" type="float" /><param name="Y" type="float" /><param name="Z" type="float" /></accessor></technique_common></source><vertices id="geom_007_vertices">
            <input semantic="POSITION" source="#geom_007_positions" />
          </vertices>
          <triangles count="2" material="mat_007">
            <input semantic="VERTEX" source="#geom_007_vertices" offset="0" />
            <input semantic="NORMAL" source="#geom_007_normals" offset="1" /><p>19 19 16 16 20 20 20 20 16 16 17 17</p>
          </triangles>
        </mesh>
      </geometry>

      <geometry id="geom_008" name="material_008">
        <mesh>
          <source id="geom_008_positions">
            <float_array id="geom_008_positions_array" count="564">-3.861588 1.006394 0 -3.861588 -6.493606 0 -3.861588 1.006394 2 -3.861588 -6.493606 2 -3.661588 0.806394 0.2 -3.661588 -6.293606 0.2 -3.661588 -0.591098 0.35 -3.661588 -1.091098 0.35 -3.661588 -0.591098 0.85 -3.661588 -1.091098 0.85 -3.661588 0.806394 2 -3.661588 -6.293606 2 -3.660588 -0.591098 0.35 -3.660588 -1.091098 0.35 -3.660588 -0.591098 0.85 -3.660588 -1.091098 0.85 -3.235118 -0.441098 0.2 -3.235118 -1.241098 0.2 -2.835119 0.806394 0.2 -2.835119 -0.441098 0.2 -2.835119 -1.241098 0.2 -2.835119 -6.293606 0.2 -2.810118 0.806394 0.2 -2.810118 -0.441098 0.2 -2.810118 -1.241098 0.2 -2.810118 -6.293606 0.2 -2.435118 -0.441098 0.2 -2.435118 -1.241098 0.2 -0.308958 -2.431931 0.2 -0.308958 -3.862179 0.2 -0.308958 -2.431931 2.2 -0.308958 -3.862179 2.2 -0.298958 -2.441931 0.2 -0.298958 -3.852179 0.2 -0.298958 -2.441931 2.2 -0.298958 -3.852179 2.2 1.181803 -2.441931 0.2 1.181803 -3.852179 0.2 1.181803 -2.441931 2.2 1.181803 -3.852179 2.2 1.191803 -2.431931 0.2 1.191803 -3.862179 0.2 1.191803 -2.431931 2.2 1.191803 -3.862179 2.2 3.191695 -6.293252 0.2 3.191695 -6.293252 2 3.192086 -6.293606 0.2 3.192086 -6.293606 2 3.245547 -3.700304 0.2 3.245547 -6.293252 0.2 3.245547 -6.293252 2 3.245547 -3.700304 2.2 3.245547 -6.293252 2.2 3.255547 -3.710365 0.2 3.255547 -6.293252 0.2 3.255547 -6.293252 2 3.255547 -3.710365 2.2 3.255547 -6.293252 2.2 3.385315 -3.711154 0.2 3.385315 -6.293252 0.2 3.385315 -6.293252 2 3.385315 -3.711154 2.2 3.385315 -6.293252 2.2 3.395315 -3.701215 0.2 3.395315 -6.293252 0.2 3.395315 -6.293252 2 3.395315 -3.701215 2.2 3.395315 -6.293252 2.2 3.638412 8.506747 0 3.638412 1.006394 0 3.638412 8.506747 2 3.638412 1.006394 2 3.66736 0.816394 2 3.66736 0.816394 2.2 3.674297 0.806394 0.2 3.674297 0.806394 2 3.698638 0.806394 0.2 3.698638 0.806394 2.2 3.710811 -6.493252 0 3.710811 -6.493252 2 3.711201 -6.493606 0 3.711201 -6.493606 2 3.830196 0.800694 0.2 3.830196 0.800694 2.2 3.838412 8.306747 0.2 3.838412 7.531215 0.2 3.838412 7.506215 0.2 3.838412 5.966673 0.2 3.838412 5.956673 0.2 3.838412 5.874869 0.2 3.838412 5.864869 0.2 3.838412 0.816394 0.2 3.838412 0.806394 0.2 3.838412 8.306747 2 3.838412 5.966673 2 3.838412 5.956673 2 3.838412 5.874869 2 3.838412 5.864869 2 3.838412 0.816394 2 3.838412 5.966673 2.2 3.838412 5.956673 2.2 3.838412 5.874869 2.2 3.838412 5.864869 2.2 3.838412 0.806394 2.2 3.843646 0.816394 0.2 3.843646 0.816394 2.2 4.90896 4.70745 0.2 4.90896 3.523995 0.2 4.90896 4.70745 2.2 4.90896 3.523995 2.2 4.91896 4.69745 0.2 4.91896 3.533995 0.2 4.91896 4.69745 2.2 4.91896 3.533995 2.2 5.971413 -2.504815 0.2 5.971413 -2.504815 2.2 5.976646 4.69745 0.2 5.976646 3.533995 0.2 5.976646 4.69745 2.2 5.976646 3.533995 2.2 5.981879 -2.484815 0.2 5.981879 -2.484815 2.2 5.986646 4.70745 0.2 5.986646 3.523995 0.2 5.986646 4.70745 2.2 5.986646 3.523995 2.2 6.109482 -2.484815 0.2 6.109482 -2.484815 2.2 6.147698 -2.504815 0.2 6.147698 -2.504815 2.2 6.918563 0.987921 0.2 6.918563 0.866239 0.2 6.918563 0.987921 2.2 6.918563 0.866239 2.2 6.928563 0.977921 0.2 6.928563 0.876239 0.2 6.928563 0.977921 2.2 6.928563 0.876239 2.2 7.235869 5.956673 0.2 7.235869 5.874869 0.2 7.235869 5.956673 2.2 7.235869 5.874869 2.2 7.245869 5.966673 0.2 7.245869 5.864869 0.2 7.245869 5.966673 2.2 7.245869 5.864869 2.2 7.672716 7.931215 0.2 7.672716 7.531215 0.2 7.672716 7.506215 0.2 7.672716 7.131215 0.2 8.010385 3.738451 0.2 8.010385 2.554996 0.2 8.010385 3.738451 2.2 8.010385 2.554996 2.2 8.020385 3.728451 0.2 8.020385 2.564996 0.2 8.020385 3.728451 2.2 8.020385 2.564996 2.2 8.472715 7.931215 0.2 8.472715 7.531215 0.2 8.472715 7.506215 0.2 8.472715 7.131215 0.2 9.183839 3.728451 0.2 9.183839 2.564996 0.2 9.183839 3.728451 2.2 9.183839 2.564996 2.2 9.193839 3.738451 0.2 9.193839 2.554996 0.2 9.193839 3.738451 2.2 9.193839 2.554996 2.2 10.824373 0.987921 0.2 10.824373 0.977921 0.2 10.824373 0.876239 0.2 10.824373 0.866239 0.2 10.824373 0.987921 2.2 10.824373 0.977921 2.2 10.824373 0.876239 2.2 10.824373 0.866239 2.2 10.938413 8.306747 0.2 10.938413 7.531215 0.2 10.938413 7.506215 0.2 10.938413 -6.293252 0.2 10.938413 8.306747 2 10.938413 -6.293252 2 11.138412 8.506747 0 11.138412 -6.493252 0 11.138412 8.506747 2 11.138412 -6.493252 2</float_array>
            <technique_common>
              <accessor source="#geom_008_positions_array" count="188" stride="3">
                <param name="X" type="float" />
                <param name="Y" type="float" />
                <param name="Z" type="float" />
              </accessor>
            </technique_common>
          </source>
          <source id="geom_008_normals"><float_array id="geom_008_normals_array" count="564">0 0 1 0 0 1 0 0 1 0 0 1 0 0 1 0 0 1 0 0 1 0 0 1 0 0 1 0 0 1 0 0 1 0 0 1 0 0 1 0 0 1 0 0 1 0 0 1 0 0 1 0 0 1 0 0 1 0 0 1 0 0 1 0 0 1 0 0 1 0 0 1 0 0 1 0 0 1 0 0 1 0 0 1 0 0 1 0 0 1 0 0 1 0 0 1 0 0 1 0 0 1 0 0 1 0 0 1 0 0 1 0 0 1 0 0 1 0 0 1 0 0 1 0 0 1 0 0 1 0 0 1 0 0 1 0 0 1 0 0 1 0 0 1 0 0 1 0 0 1 0 0 1 0 0 1 0 0 1 0 0 1 0 0 1 0 0 1 0 0 1 0 0 1 0 0 1 0 0 1 0 0 1 0 0 1 0 0 1 0 0 1 0 0 1 0 0 1 0 0 1 0 0 1 0 0 1 0 0 1 0 0 1 0 0 1 0 0 1 0 0 1 0 0 1 0 0 1 0 0 1 0 0 1 0 0 1 0 0 1 0 0 1 0 0 1 0 0 1 0 0 1 0 0 1 0 0 1 0 0 1 0 0 1 0 0 1 0 0 1 0 0 1 0 0 1 0 0 1 0 0 1 0 0 1 0 0 1 0 0 1 0 0 1 0 0 1 0 0 1 0 0 1 0 0 1 0 0 1 0 0 1 0 0 1 0 0 1 0 0 1 0 0 1 0 0 1 0 0 1 0 0 1 0 0 1 0 0 1 0 0 1 0 0 1 0 0 1 0 0 1 0 0 1 0 0 1 0 0 1 0 0 1 0 0 1 0 0 1 0 0 1 0 0 1 0 0 1 0 0 1 0 0 1 0 0 1 0 0 1 0 0 1 0 0 1 0 0 1 0 0 1 0 0 1 0 0 1 0 0 1 0 0 1 0 0 1 0 0 1 0 0 1 0 0 1 0 0 1 0 0 1 0 0 1 0 0 1 0 0 1 0 0 1 0 0 1 0 0 1 0 0 1 0 0 1 0 0 1 0 0 1 0 0 1 0 0 1 0 0 1 0 0 1 0 0 1 0 0 1 0 0 1 0 0 1 0 0 1 0 0 1 0 0 1 0 0 1 0 0 1 0 0 1 0 0 1 0 0 1 0 0 1 0 0 1 0 0 1 0 0 1 0 0 1 0 0 1 0 0 1 0 0 1 0 0 1 0 0 1 0 0 1 0 0 1 0 0 1 0 0 1 0 0 1 0 0 1 0 0 1 0 0 1</float_array><technique_common><accessor source="#geom_008_normals_array" count="188" stride="3"><param name="X" type="float" /><param name="Y" type="float" /><param name="Z" type="float" /></accessor></technique_common></source><vertices id="geom_008_vertices">
            <input semantic="POSITION" source="#geom_008_positions" />
          </vertices>
          <triangles count="2" material="mat_008">
            <input semantic="VERTEX" source="#geom_008_vertices" offset="0" />
            <input semantic="NORMAL" source="#geom_008_normals" offset="1" /><p>149 149 161 161 148 148 148 148 161 161 160 160</p>
          </triangles>
        </mesh>
      </geometry>

      <geometry id="geom_009" name="material_009">
        <mesh>
          <source id="geom_009_positions">
            <float_array id="geom_009_positions_array" count="564">-3.861588 1.006394 0 -3.861588 -6.493606 0 -3.861588 1.006394 2 -3.861588 -6.493606 2 -3.661588 0.806394 0.2 -3.661588 -6.293606 0.2 -3.661588 -0.591098 0.35 -3.661588 -1.091098 0.35 -3.661588 -0.591098 0.85 -3.661588 -1.091098 0.85 -3.661588 0.806394 2 -3.661588 -6.293606 2 -3.660588 -0.591098 0.35 -3.660588 -1.091098 0.35 -3.660588 -0.591098 0.85 -3.660588 -1.091098 0.85 -3.235118 -0.441098 0.2 -3.235118 -1.241098 0.2 -2.835119 0.806394 0.2 -2.835119 -0.441098 0.2 -2.835119 -1.241098 0.2 -2.835119 -6.293606 0.2 -2.810118 0.806394 0.2 -2.810118 -0.441098 0.2 -2.810118 -1.241098 0.2 -2.810118 -6.293606 0.2 -2.435118 -0.441098 0.2 -2.435118 -1.241098 0.2 -0.308958 -2.431931 0.2 -0.308958 -3.862179 0.2 -0.308958 -2.431931 2.2 -0.308958 -3.862179 2.2 -0.298958 -2.441931 0.2 -0.298958 -3.852179 0.2 -0.298958 -2.441931 2.2 -0.298958 -3.852179 2.2 1.181803 -2.441931 0.2 1.181803 -3.852179 0.2 1.181803 -2.441931 2.2 1.181803 -3.852179 2.2 1.191803 -2.431931 0.2 1.191803 -3.862179 0.2 1.191803 -2.431931 2.2 1.191803 -3.862179 2.2 3.191695 -6.293252 0.2 3.191695 -6.293252 2 3.192086 -6.293606 0.2 3.192086 -6.293606 2 3.245547 -3.700304 0.2 3.245547 -6.293252 0.2 3.245547 -6.293252 2 3.245547 -3.700304 2.2 3.245547 -6.293252 2.2 3.255547 -3.710365 0.2 3.255547 -6.293252 0.2 3.255547 -6.293252 2 3.255547 -3.710365 2.2 3.255547 -6.293252 2.2 3.385315 -3.711154 0.2 3.385315 -6.293252 0.2 3.385315 -6.293252 2 3.385315 -3.711154 2.2 3.385315 -6.293252 2.2 3.395315 -3.701215 0.2 3.395315 -6.293252 0.2 3.395315 -6.293252 2 3.395315 -3.701215 2.2 3.395315 -6.293252 2.2 3.638412 8.506747 0 3.638412 1.006394 0 3.638412 8.506747 2 3.638412 1.006394 2 3.66736 0.816394 2 3.66736 0.816394 2.2 3.674297 0.806394 0.2 3.674297 0.806394 2 3.698638 0.806394 0.2 3.698638 0.806394 2.2 3.710811 -6.493252 0 3.710811 -6.493252 2 3.711201 -6.493606 0 3.711201 -6.493606 2 3.830196 0.800694 0.2 3.830196 0.800694 2.2 3.838412 8.306747 0.2 3.838412 7.531215 0.2 3.838412 7.506215 0.2 3.838412 5.966673 0.2 3.838412 5.956673 0.2 3.838412 5.874869 0.2 3.838412 5.864869 0.2 3.838412 0.816394 0.2 3.838412 0.806394 0.2 3.838412 8.306747 2 3.838412 5.966673 2 3.838412 5.956673 2 3.838412 5.874869 2 3.838412 5.864869 2 3.838412 0.816394 2 3.838412 5.966673 2.2 3.838412 5.956673 2.2 3.838412 5.874869 2.2 3.838412 5.864869 2.2 3.838412 0.806394 2.2 3.843646 0.816394 0.2 3.843646 0.816394 2.2 4.90896 4.70745 0.2 4.90896 3.523995 0.2 4.90896 4.70745 2.2 4.90896 3.523995 2.2 4.91896 4.69745 0.2 4.91896 3.533995 0.2 4.91896 4.69745 2.2 4.91896 3.533995 2.2 5.971413 -2.504815 0.2 5.971413 -2.504815 2.2 5.976646 4.69745 0.2 5.976646 3.533995 0.2 5.976646 4.69745 2.2 5.976646 3.533995 2.2 5.981879 -2.484815 0.2 5.981879 -2.484815 2.2 5.986646 4.70745 0.2 5.986646 3.523995 0.2 5.986646 4.70745 2.2 5.986646 3.523995 2.2 6.109482 -2.484815 0.2 6.109482 -2.484815 2.2 6.147698 -2.504815 0.2 6.147698 -2.504815 2.2 6.918563 0.987921 0.2 6.918563 0.866239 0.2 6.918563 0.987921 2.2 6.918563 0.866239 2.2 6.928563 0.977921 0.2 6.928563 0.876239 0.2 6.928563 0.977921 2.2 6.928563 0.876239 2.2 7.235869 5.956673 0.2 7.235869 5.874869 0.2 7.235869 5.956673 2.2 7.235869 5.874869 2.2 7.245869 5.966673 0.2 7.245869 5.864869 0.2 7.245869 5.966673 2.2 7.245869 5.864869 2.2 7.672716 7.931215 0.2 7.672716 7.531215 0.2 7.672716 7.506215 0.2 7.672716 7.131215 0.2 8.010385 3.738451 0.2 8.010385 2.554996 0.2 8.010385 3.738451 2.2 8.010385 2.554996 2.2 8.020385 3.728451 0.2 8.020385 2.564996 0.2 8.020385 3.728451 2.2 8.020385 2.564996 2.2 8.472715 7.931215 0.2 8.472715 7.531215 0.2 8.472715 7.506215 0.2 8.472715 7.131215 0.2 9.183839 3.728451 0.2 9.183839 2.564996 0.2 9.183839 3.728451 2.2 9.183839 2.564996 2.2 9.193839 3.738451 0.2 9.193839 2.554996 0.2 9.193839 3.738451 2.2 9.193839 2.554996 2.2 10.824373 0.987921 0.2 10.824373 0.977921 0.2 10.824373 0.876239 0.2 10.824373 0.866239 0.2 10.824373 0.987921 2.2 10.824373 0.977921 2.2 10.824373 0.876239 2.2 10.824373 0.866239 2.2 10.938413 8.306747 0.2 10.938413 7.531215 0.2 10.938413 7.506215 0.2 10.938413 -6.293252 0.2 10.938413 8.306747 2 10.938413 -6.293252 2 11.138412 8.506747 0 11.138412 -6.493252 0 11.138412 8.506747 2 11.138412 -6.493252 2</float_array>
            <technique_common>
              <accessor source="#geom_009_positions_array" count="188" stride="3">
                <param name="X" type="float" />
                <param name="Y" type="float" />
                <param name="Z" type="float" />
              </accessor>
            </technique_common>
          </source>
          <source id="geom_009_normals"><float_array id="geom_009_normals_array" count="564">0 0 1 0 0 1 0 0 1 0 0 1 0 0 1 0 0 1 0 0 1 0 0 1 0 0 1 0 0 1 0 0 1 0 0 1 0 0 1 0 0 1 0 0 1 0 0 1 0 0 1 0 0 1 0 0 1 0 0 1 0 0 1 0 0 1 0 0 1 0 0 1 0 0 1 0 0 1 0 0 1 0 0 1 0 0 1 0 0 1 0 0 1 0 0 1 0 0 1 0 0 1 0 0 1 0 0 1 0 0 1 0 0 1 0 0 1 0 0 1 0 0 1 0 0 1 0 0 1 0 0 1 0 0 1 0 0 1 0 0 1 0 0 1 0 0 1 0 0 1 0 0 1 0 0 1 0 0 1 0 0 1 0 0 1 0 0 1 0 0 1 0 0 1 0 0 1 0 0 1 0 0 1 0 0 1 0 0 1 0 0 1 0 0 1 0 0 1 0 0 1 0 0 1 0 0 1 0 0 1 0 0 1 0 0 1 0 0 1 0 0 1 0 0 1 0 0 1 0 0 1 0 0 1 0 0 1 0 0 1 0 0 1 0 0 1 0 0 1 0 0 1 0 0 1 0 0 1 0 0 1 0 0 1 0 0 1 0 0 1 0 0 1 0 0 1 0 0 1 0 0 1 0 0 1 0 0 1 0 0 1 0 0 1 0 0 1 0 0 1 0 0 1 0 0 1 0 0 1 0 0 1 0 0 1 0 0 1 0 0 1 0 0 1 0 0 1 0 0 1 0 0 1 0 0 1 0 0 1 0 0 1 0 0 1 0 0 1 0 0 1 0 0 1 0 0 1 0 0 1 0 0 1 0 0 1 0 0 1 0 0 1 0 0 1 0 0 1 0 0 1 0 0 1 0 0 1 0 0 1 0 0 1 0 0 1 0 0 1 0 0 1 0 0 1 0 0 1 0 0 1 0 0 1 0 0 1 0 0 1 0 0 1 0 0 1 0 0 1 0 0 1 0 0 1 0 0 1 0 0 1 0 0 1 0 0 1 0 0 1 0 0 1 0 0 1 0 0 1 0 0 1 0 0 1 0 0 1 0 0 1 0 0 1 0 0 1 0 0 1 0 0 1 0 0 1 0 0 1 0 0 1 0 0 1 0 0 1 0 0 1 0 0 1 0 0 1 0 0 1 0 0 1 0 0 1 0 0 1 0 0 1 0 0 1 0 0 1 0 0 1 0 0 1 0 0 1 0 0 1 0 0 1 0 0 1 0 0 1 0 0 1 0 0 1 0 0 1 0 0 1 0 0 1</float_array><technique_common><accessor source="#geom_009_normals_array" count="188" stride="3"><param name="X" type="float" /><param name="Y" type="float" /><param name="Z" type="float" /></accessor></technique_common></source><vertices id="geom_009_vertices">
            <input semantic="POSITION" source="#geom_009_positions" />
          </vertices>
          <triangles count="2" material="mat_009">
            <input semantic="VERTEX" source="#geom_009_vertices" offset="0" />
            <input semantic="NORMAL" source="#geom_009_normals" offset="1" /><p>158 158 146 146 159 159 159 159 146 146 147 147</p>
          </triangles>
        </mesh>
      </geometry>

      <geometry id="geom_010" name="material_010">
        <mesh>
          <source id="geom_010_positions">
            <float_array id="geom_010_positions_array" count="564">-3.861588 1.006394 0 -3.861588 -6.493606 0 -3.861588 1.006394 2 -3.861588 -6.493606 2 -3.661588 0.806394 0.2 -3.661588 -6.293606 0.2 -3.661588 -0.591098 0.35 -3.661588 -1.091098 0.35 -3.661588 -0.591098 0.85 -3.661588 -1.091098 0.85 -3.661588 0.806394 2 -3.661588 -6.293606 2 -3.660588 -0.591098 0.35 -3.660588 -1.091098 0.35 -3.660588 -0.591098 0.85 -3.660588 -1.091098 0.85 -3.235118 -0.441098 0.2 -3.235118 -1.241098 0.2 -2.835119 0.806394 0.2 -2.835119 -0.441098 0.2 -2.835119 -1.241098 0.2 -2.835119 -6.293606 0.2 -2.810118 0.806394 0.2 -2.810118 -0.441098 0.2 -2.810118 -1.241098 0.2 -2.810118 -6.293606 0.2 -2.435118 -0.441098 0.2 -2.435118 -1.241098 0.2 -0.308958 -2.431931 0.2 -0.308958 -3.862179 0.2 -0.308958 -2.431931 2.2 -0.308958 -3.862179 2.2 -0.298958 -2.441931 0.2 -0.298958 -3.852179 0.2 -0.298958 -2.441931 2.2 -0.298958 -3.852179 2.2 1.181803 -2.441931 0.2 1.181803 -3.852179 0.2 1.181803 -2.441931 2.2 1.181803 -3.852179 2.2 1.191803 -2.431931 0.2 1.191803 -3.862179 0.2 1.191803 -2.431931 2.2 1.191803 -3.862179 2.2 3.191695 -6.293252 0.2 3.191695 -6.293252 2 3.192086 -6.293606 0.2 3.192086 -6.293606 2 3.245547 -3.700304 0.2 3.245547 -6.293252 0.2 3.245547 -6.293252 2 3.245547 -3.700304 2.2 3.245547 -6.293252 2.2 3.255547 -3.710365 0.2 3.255547 -6.293252 0.2 3.255547 -6.293252 2 3.255547 -3.710365 2.2 3.255547 -6.293252 2.2 3.385315 -3.711154 0.2 3.385315 -6.293252 0.2 3.385315 -6.293252 2 3.385315 -3.711154 2.2 3.385315 -6.293252 2.2 3.395315 -3.701215 0.2 3.395315 -6.293252 0.2 3.395315 -6.293252 2 3.395315 -3.701215 2.2 3.395315 -6.293252 2.2 3.638412 8.506747 0 3.638412 1.006394 0 3.638412 8.506747 2 3.638412 1.006394 2 3.66736 0.816394 2 3.66736 0.816394 2.2 3.674297 0.806394 0.2 3.674297 0.806394 2 3.698638 0.806394 0.2 3.698638 0.806394 2.2 3.710811 -6.493252 0 3.710811 -6.493252 2 3.711201 -6.493606 0 3.711201 -6.493606 2 3.830196 0.800694 0.2 3.830196 0.800694 2.2 3.838412 8.306747 0.2 3.838412 7.531215 0.2 3.838412 7.506215 0.2 3.838412 5.966673 0.2 3.838412 5.956673 0.2 3.838412 5.874869 0.2 3.838412 5.864869 0.2 3.838412 0.816394 0.2 3.838412 0.806394 0.2 3.838412 8.306747 2 3.838412 5.966673 2 3.838412 5.956673 2 3.838412 5.874869 2 3.838412 5.864869 2 3.838412 0.816394 2 3.838412 5.966673 2.2 3.838412 5.956673 2.2 3.838412 5.874869 2.2 3.838412 5.864869 2.2 3.838412 0.806394 2.2 3.843646 0.816394 0.2 3.843646 0.816394 2.2 4.90896 4.70745 0.2 4.90896 3.523995 0.2 4.90896 4.70745 2.2 4.90896 3.523995 2.2 4.91896 4.69745 0.2 4.91896 3.533995 0.2 4.91896 4.69745 2.2 4.91896 3.533995 2.2 5.971413 -2.504815 0.2 5.971413 -2.504815 2.2 5.976646 4.69745 0.2 5.976646 3.533995 0.2 5.976646 4.69745 2.2 5.976646 3.533995 2.2 5.981879 -2.484815 0.2 5.981879 -2.484815 2.2 5.986646 4.70745 0.2 5.986646 3.523995 0.2 5.986646 4.70745 2.2 5.986646 3.523995 2.2 6.109482 -2.484815 0.2 6.109482 -2.484815 2.2 6.147698 -2.504815 0.2 6.147698 -2.504815 2.2 6.918563 0.987921 0.2 6.918563 0.866239 0.2 6.918563 0.987921 2.2 6.918563 0.866239 2.2 6.928563 0.977921 0.2 6.928563 0.876239 0.2 6.928563 0.977921 2.2 6.928563 0.876239 2.2 7.235869 5.956673 0.2 7.235869 5.874869 0.2 7.235869 5.956673 2.2 7.235869 5.874869 2.2 7.245869 5.966673 0.2 7.245869 5.864869 0.2 7.245869 5.966673 2.2 7.245869 5.864869 2.2 7.672716 7.931215 0.2 7.672716 7.531215 0.2 7.672716 7.506215 0.2 7.672716 7.131215 0.2 8.010385 3.738451 0.2 8.010385 2.554996 0.2 8.010385 3.738451 2.2 8.010385 2.554996 2.2 8.020385 3.728451 0.2 8.020385 2.564996 0.2 8.020385 3.728451 2.2 8.020385 2.564996 2.2 8.472715 7.931215 0.2 8.472715 7.531215 0.2 8.472715 7.506215 0.2 8.472715 7.131215 0.2 9.183839 3.728451 0.2 9.183839 2.564996 0.2 9.183839 3.728451 2.2 9.183839 2.564996 2.2 9.193839 3.738451 0.2 9.193839 2.554996 0.2 9.193839 3.738451 2.2 9.193839 2.554996 2.2 10.824373 0.987921 0.2 10.824373 0.977921 0.2 10.824373 0.876239 0.2 10.824373 0.866239 0.2 10.824373 0.987921 2.2 10.824373 0.977921 2.2 10.824373 0.876239 2.2 10.824373 0.866239 2.2 10.938413 8.306747 0.2 10.938413 7.531215 0.2 10.938413 7.506215 0.2 10.938413 -6.293252 0.2 10.938413 8.306747 2 10.938413 -6.293252 2 11.138412 8.506747 0 11.138412 -6.493252 0 11.138412 8.506747 2 11.138412 -6.493252 2</float_array>
            <technique_common>
              <accessor source="#geom_010_positions_array" count="188" stride="3">
                <param name="X" type="float" />
                <param name="Y" type="float" />
                <param name="Z" type="float" />
              </accessor>
            </technique_common>
          </source>
          <source id="geom_010_normals"><float_array id="geom_010_normals_array" count="564">0 0 1 0 0 1 0 0 1 0 0 1 0 0 1 0 0 1 0 0 1 0 0 1 0 0 1 0 0 1 0 0 1 0 0 1 0 0 1 0 0 1 0 0 1 0 0 1 0 0 1 0 0 1 0 0 1 0 0 1 0 0 1 0 0 1 0 0 1 0 0 1 0 0 1 0 0 1 0 0 1 0 0 1 0 0 1 0 0 1 0 0 1 0 0 1 0 0 1 0 0 1 0 0 1 0 0 1 0 0 1 0 0 1 0 0 1 0 0 1 0 0 1 0 0 1 0 0 1 0 0 1 0 0 1 0 0 1 0 0 1 0 0 1 0 0 1 0 0 1 0 0 1 0 0 1 0 0 1 0 0 1 0 0 1 0 0 1 0 0 1 0 0 1 0 0 1 0 0 1 0 0 1 0 0 1 0 0 1 0 0 1 0 0 1 0 0 1 0 0 1 0 0 1 0 0 1 0 0 1 0 0 1 0 0 1 0 0 1 0 0 1 0 0 1 0 0 1 0 0 1 0 0 1 0 0 1 0 0 1 0 0 1 0 0 1 0 0 1 0 0 1 0 0 1 0 0 1 0 0 1 0 0 1 0 0 1 0 0 1 0 0 1 0 0 1 0 0 1 0 0 1 0 0 1 0 0 1 0 0 1 0 0 1 0 0 1 0 0 1 0 0 1 0 0 1 0 0 1 0 0 1 0 0 1 0 0 1 0 0 1 0 0 1 0 0 1 0 0 1 0 0 1 0 0 1 0 0 1 0 0 1 0 0 1 0 0 1 0 0 1 0 0 1 0 0 1 0 0 1 0 0 1 0 0 1 0 0 1 0 0 1 0 0 1 0 0 1 0 0 1 0 0 1 0 0 1 0 0 1 0 0 1 0 0 1 0 0 1 0 0 1 0 0 1 0 0 1 0 0 1 0 0 1 0 0 1 0 0 1 0 0 1 0 0 1 0 0 1 0 0 1 0 0 1 0 0 1 0 0 1 0 0 1 0 0 1 0 0 1 0 0 1 0 0 1 0 0 1 0 0 1 0 0 1 0 0 1 0 0 1 0 0 1 0 0 1 0 0 1 0 0 1 0 0 1 0 0 1 0 0 1 0 0 1 0 0 1 0 0 1 0 0 1 0 0 1 0 0 1 0 0 1 0 0 1 0 0 1 0 0 1 0 0 1 0 0 1 0 0 1 0 0 1 0 0 1 0 0 1 0 0 1 0 0 1 0 0 1 0 0 1 0 0 1 0 0 1 0 0 1 0 0 1</float_array><technique_common><accessor source="#geom_010_normals_array" count="188" stride="3"><param name="X" type="float" /><param name="Y" type="float" /><param name="Z" type="float" /></accessor></technique_common></source><vertices id="geom_010_vertices">
            <input semantic="POSITION" source="#geom_010_positions" />
          </vertices>
          <triangles count="2" material="mat_010">
            <input semantic="VERTEX" source="#geom_010_vertices" offset="0" />
            <input semantic="NORMAL" source="#geom_010_normals" offset="1" /><p>27 27 26 26 24 24 24 24 26 26 23 23</p>
          </triangles>
        </mesh>
      </geometry>

      <geometry id="geom_011" name="material_011">
        <mesh>
          <source id="geom_011_positions">
            <float_array id="geom_011_positions_array" count="564">-3.861588 1.006394 0 -3.861588 -6.493606 0 -3.861588 1.006394 2 -3.861588 -6.493606 2 -3.661588 0.806394 0.2 -3.661588 -6.293606 0.2 -3.661588 -0.591098 0.35 -3.661588 -1.091098 0.35 -3.661588 -0.591098 0.85 -3.661588 -1.091098 0.85 -3.661588 0.806394 2 -3.661588 -6.293606 2 -3.660588 -0.591098 0.35 -3.660588 -1.091098 0.35 -3.660588 -0.591098 0.85 -3.660588 -1.091098 0.85 -3.235118 -0.441098 0.2 -3.235118 -1.241098 0.2 -2.835119 0.806394 0.2 -2.835119 -0.441098 0.2 -2.835119 -1.241098 0.2 -2.835119 -6.293606 0.2 -2.810118 0.806394 0.2 -2.810118 -0.441098 0.2 -2.810118 -1.241098 0.2 -2.810118 -6.293606 0.2 -2.435118 -0.441098 0.2 -2.435118 -1.241098 0.2 -0.308958 -2.431931 0.2 -0.308958 -3.862179 0.2 -0.308958 -2.431931 2.2 -0.308958 -3.862179 2.2 -0.298958 -2.441931 0.2 -0.298958 -3.852179 0.2 -0.298958 -2.441931 2.2 -0.298958 -3.852179 2.2 1.181803 -2.441931 0.2 1.181803 -3.852179 0.2 1.181803 -2.441931 2.2 1.181803 -3.852179 2.2 1.191803 -2.431931 0.2 1.191803 -3.862179 0.2 1.191803 -2.431931 2.2 1.191803 -3.862179 2.2 3.191695 -6.293252 0.2 3.191695 -6.293252 2 3.192086 -6.293606 0.2 3.192086 -6.293606 2 3.245547 -3.700304 0.2 3.245547 -6.293252 0.2 3.245547 -6.293252 2 3.245547 -3.700304 2.2 3.245547 -6.293252 2.2 3.255547 -3.710365 0.2 3.255547 -6.293252 0.2 3.255547 -6.293252 2 3.255547 -3.710365 2.2 3.255547 -6.293252 2.2 3.385315 -3.711154 0.2 3.385315 -6.293252 0.2 3.385315 -6.293252 2 3.385315 -3.711154 2.2 3.385315 -6.293252 2.2 3.395315 -3.701215 0.2 3.395315 -6.293252 0.2 3.395315 -6.293252 2 3.395315 -3.701215 2.2 3.395315 -6.293252 2.2 3.638412 8.506747 0 3.638412 1.006394 0 3.638412 8.506747 2 3.638412 1.006394 2 3.66736 0.816394 2 3.66736 0.816394 2.2 3.674297 0.806394 0.2 3.674297 0.806394 2 3.698638 0.806394 0.2 3.698638 0.806394 2.2 3.710811 -6.493252 0 3.710811 -6.493252 2 3.711201 -6.493606 0 3.711201 -6.493606 2 3.830196 0.800694 0.2 3.830196 0.800694 2.2 3.838412 8.306747 0.2 3.838412 7.531215 0.2 3.838412 7.506215 0.2 3.838412 5.966673 0.2 3.838412 5.956673 0.2 3.838412 5.874869 0.2 3.838412 5.864869 0.2 3.838412 0.816394 0.2 3.838412 0.806394 0.2 3.838412 8.306747 2 3.838412 5.966673 2 3.838412 5.956673 2 3.838412 5.874869 2 3.838412 5.864869 2 3.838412 0.816394 2 3.838412 5.966673 2.2 3.838412 5.956673 2.2 3.838412 5.874869 2.2 3.838412 5.864869 2.2 3.838412 0.806394 2.2 3.843646 0.816394 0.2 3.843646 0.816394 2.2 4.90896 4.70745 0.2 4.90896 3.523995 0.2 4.90896 4.70745 2.2 4.90896 3.523995 2.2 4.91896 4.69745 0.2 4.91896 3.533995 0.2 4.91896 4.69745 2.2 4.91896 3.533995 2.2 5.971413 -2.504815 0.2 5.971413 -2.504815 2.2 5.976646 4.69745 0.2 5.976646 3.533995 0.2 5.976646 4.69745 2.2 5.976646 3.533995 2.2 5.981879 -2.484815 0.2 5.981879 -2.484815 2.2 5.986646 4.70745 0.2 5.986646 3.523995 0.2 5.986646 4.70745 2.2 5.986646 3.523995 2.2 6.109482 -2.484815 0.2 6.109482 -2.484815 2.2 6.147698 -2.504815 0.2 6.147698 -2.504815 2.2 6.918563 0.987921 0.2 6.918563 0.866239 0.2 6.918563 0.987921 2.2 6.918563 0.866239 2.2 6.928563 0.977921 0.2 6.928563 0.876239 0.2 6.928563 0.977921 2.2 6.928563 0.876239 2.2 7.235869 5.956673 0.2 7.235869 5.874869 0.2 7.235869 5.956673 2.2 7.235869 5.874869 2.2 7.245869 5.966673 0.2 7.245869 5.864869 0.2 7.245869 5.966673 2.2 7.245869 5.864869 2.2 7.672716 7.931215 0.2 7.672716 7.531215 0.2 7.672716 7.506215 0.2 7.672716 7.131215 0.2 8.010385 3.738451 0.2 8.010385 2.554996 0.2 8.010385 3.738451 2.2 8.010385 2.554996 2.2 8.020385 3.728451 0.2 8.020385 2.564996 0.2 8.020385 3.728451 2.2 8.020385 2.564996 2.2 8.472715 7.931215 0.2 8.472715 7.531215 0.2 8.472715 7.506215 0.2 8.472715 7.131215 0.2 9.183839 3.728451 0.2 9.183839 2.564996 0.2 9.183839 3.728451 2.2 9.183839 2.564996 2.2 9.193839 3.738451 0.2 9.193839 2.554996 0.2 9.193839 3.738451 2.2 9.193839 2.554996 2.2 10.824373 0.987921 0.2 10.824373 0.977921 0.2 10.824373 0.876239 0.2 10.824373 0.866239 0.2 10.824373 0.987921 2.2 10.824373 0.977921 2.2 10.824373 0.876239 2.2 10.824373 0.866239 2.2 10.938413 8.306747 0.2 10.938413 7.531215 0.2 10.938413 7.506215 0.2 10.938413 -6.293252 0.2 10.938413 8.306747 2 10.938413 -6.293252 2 11.138412 8.506747 0 11.138412 -6.493252 0 11.138412 8.506747 2 11.138412 -6.493252 2</float_array>
            <technique_common>
              <accessor source="#geom_011_positions_array" count="188" stride="3">
                <param name="X" type="float" />
                <param name="Y" type="float" />
                <param name="Z" type="float" />
              </accessor>
            </technique_common>
          </source>
          <source id="geom_011_normals"><float_array id="geom_011_normals_array" count="564">0 0 1 0 0 1 0 0 1 0 0 1 0 0 1 0 0 1 0 1 0 0 0 1 0 1 0 0 0 1 0 0 1 0 0 1 0 1 0 0 0 1 0 1 0 0 0 1 0 0 1 0 0 1 0 0 1 0 0 1 0 0 1 0 0 1 0 0 1 0 0 1 0 0 1 0 0 1 0 0 1 0 0 1 0 0 1 0 0 1 0 0 1 0 0 1 0 0 1 0 0 1 0 0 1 0 0 1 0 0 1 0 0 1 0 0 1 0 0 1 0 0 1 0 0 1 0 0 1 0 0 1 0 0 1 0 0 1 0 0 1 0 0 1 0 0 1 0 0 1 0 0 1 0 0 1 0 0 1 0 0 1 0 0 1 0 0 1 0 0 1 0 0 1 0 0 1 0 0 1 0 0 1 0 0 1 0 0 1 0 0 1 0 0 1 0 0 1 0 0 1 0 0 1 0 0 1 0 0 1 0 0 1 0 0 1 0 0 1 0 0 1 0 0 1 0 0 1 0 0 1 0 0 1 0 0 1 0 0 1 0 0 1 0 0 1 0 0 1 0 0 1 0 0 1 0 0 1 0 0 1 0 0 1 0 0 1 0 0 1 0 0 1 0 0 1 0 0 1 0 0 1 0 0 1 0 0 1 0 0 1 0 0 1 0 0 1 0 0 1 0 0 1 0 0 1 0 0 1 0 0 1 0 0 1 0 0 1 0 0 1 0 0 1 0 0 1 0 0 1 0 0 1 0 0 1 0 0 1 0 0 1 0 0 1 0 0 1 0 0 1 0 0 1 0 0 1 0 0 1 0 0 1 0 0 1 0 0 1 0 0 1 0 0 1 0 0 1 0 0 1 0 0 1 0 0 1 0 0 1 0 0 1 0 0 1 0 0 1 0 0 1 0 0 1 0 0 1 0 0 1 0 0 1 0 0 1 0 0 1 0 0 1 0 0 1 0 0 1 0 0 1 0 0 1 0 0 1 0 0 1 0 0 1 0 0 1 0 0 1 0 0 1 0 0 1 0 0 1 0 0 1 0 0 1 0 0 1 0 0 1 0 0 1 0 0 1 0 0 1 0 0 1 0 0 1 0 0 1 0 0 1 0 0 1 0 0 1 0 0 1 0 0 1 0 0 1 0 0 1 0 0 1 0 0 1 0 0 1 0 0 1 0 0 1 0 0 1 0 0 1 0 0 1 0 0 1 0 0 1 0 0 1 0 0 1 0 0 1 0 0 1 0 0 1 0 0 1 0 0 1 0 0 1</float_array><technique_common><accessor source="#geom_011_normals_array" count="188" stride="3"><param name="X" type="float" /><param name="Y" type="float" /><param name="Z" type="float" /></accessor></technique_common></source><vertices id="geom_011_vertices">
            <input semantic="POSITION" source="#geom_011_positions" />
          </vertices>
          <triangles count="2" material="mat_011">
            <input semantic="VERTEX" source="#geom_011_vertices" offset="0" />
            <input semantic="NORMAL" source="#geom_011_normals" offset="1" /><p>14 14 12 12 8 8 8 8 12 12 6 6</p>
          </triangles>
        </mesh>
      </geometry>

      <geometry id="geom_012" name="material_012">
        <mesh>
          <source id="geom_012_positions">
            <float_array id="geom_012_positions_array" count="564">-3.861588 1.006394 0 -3.861588 -6.493606 0 -3.861588 1.006394 2 -3.861588 -6.493606 2 -3.661588 0.806394 0.2 -3.661588 -6.293606 0.2 -3.661588 -0.591098 0.35 -3.661588 -1.091098 0.35 -3.661588 -0.591098 0.85 -3.661588 -1.091098 0.85 -3.661588 0.806394 2 -3.661588 -6.293606 2 -3.660588 -0.591098 0.35 -3.660588 -1.091098 0.35 -3.660588 -0.591098 0.85 -3.660588 -1.091098 0.85 -3.235118 -0.441098 0.2 -3.235118 -1.241098 0.2 -2.835119 0.806394 0.2 -2.835119 -0.441098 0.2 -2.835119 -1.241098 0.2 -2.835119 -6.293606 0.2 -2.810118 0.806394 0.2 -2.810118 -0.441098 0.2 -2.810118 -1.241098 0.2 -2.810118 -6.293606 0.2 -2.435118 -0.441098 0.2 -2.435118 -1.241098 0.2 -0.308958 -2.431931 0.2 -0.308958 -3.862179 0.2 -0.308958 -2.431931 2.2 -0.308958 -3.862179 2.2 -0.298958 -2.441931 0.2 -0.298958 -3.852179 0.2 -0.298958 -2.441931 2.2 -0.298958 -3.852179 2.2 1.181803 -2.441931 0.2 1.181803 -3.852179 0.2 1.181803 -2.441931 2.2 1.181803 -3.852179 2.2 1.191803 -2.431931 0.2 1.191803 -3.862179 0.2 1.191803 -2.431931 2.2 1.191803 -3.862179 2.2 3.191695 -6.293252 0.2 3.191695 -6.293252 2 3.192086 -6.293606 0.2 3.192086 -6.293606 2 3.245547 -3.700304 0.2 3.245547 -6.293252 0.2 3.245547 -6.293252 2 3.245547 -3.700304 2.2 3.245547 -6.293252 2.2 3.255547 -3.710365 0.2 3.255547 -6.293252 0.2 3.255547 -6.293252 2 3.255547 -3.710365 2.2 3.255547 -6.293252 2.2 3.385315 -3.711154 0.2 3.385315 -6.293252 0.2 3.385315 -6.293252 2 3.385315 -3.711154 2.2 3.385315 -6.293252 2.2 3.395315 -3.701215 0.2 3.395315 -6.293252 0.2 3.395315 -6.293252 2 3.395315 -3.701215 2.2 3.395315 -6.293252 2.2 3.638412 8.506747 0 3.638412 1.006394 0 3.638412 8.506747 2 3.638412 1.006394 2 3.66736 0.816394 2 3.66736 0.816394 2.2 3.674297 0.806394 0.2 3.674297 0.806394 2 3.698638 0.806394 0.2 3.698638 0.806394 2.2 3.710811 -6.493252 0 3.710811 -6.493252 2 3.711201 -6.493606 0 3.711201 -6.493606 2 3.830196 0.800694 0.2 3.830196 0.800694 2.2 3.838412 8.306747 0.2 3.838412 7.531215 0.2 3.838412 7.506215 0.2 3.838412 5.966673 0.2 3.838412 5.956673 0.2 3.838412 5.874869 0.2 3.838412 5.864869 0.2 3.838412 0.816394 0.2 3.838412 0.806394 0.2 3.838412 8.306747 2 3.838412 5.966673 2 3.838412 5.956673 2 3.838412 5.874869 2 3.838412 5.864869 2 3.838412 0.816394 2 3.838412 5.966673 2.2 3.838412 5.956673 2.2 3.838412 5.874869 2.2 3.838412 5.864869 2.2 3.838412 0.806394 2.2 3.843646 0.816394 0.2 3.843646 0.816394 2.2 4.90896 4.70745 0.2 4.90896 3.523995 0.2 4.90896 4.70745 2.2 4.90896 3.523995 2.2 4.91896 4.69745 0.2 4.91896 3.533995 0.2 4.91896 4.69745 2.2 4.91896 3.533995 2.2 5.971413 -2.504815 0.2 5.971413 -2.504815 2.2 5.976646 4.69745 0.2 5.976646 3.533995 0.2 5.976646 4.69745 2.2 5.976646 3.533995 2.2 5.981879 -2.484815 0.2 5.981879 -2.484815 2.2 5.986646 4.70745 0.2 5.986646 3.523995 0.2 5.986646 4.70745 2.2 5.986646 3.523995 2.2 6.109482 -2.484815 0.2 6.109482 -2.484815 2.2 6.147698 -2.504815 0.2 6.147698 -2.504815 2.2 6.918563 0.987921 0.2 6.918563 0.866239 0.2 6.918563 0.987921 2.2 6.918563 0.866239 2.2 6.928563 0.977921 0.2 6.928563 0.876239 0.2 6.928563 0.977921 2.2 6.928563 0.876239 2.2 7.235869 5.956673 0.2 7.235869 5.874869 0.2 7.235869 5.956673 2.2 7.235869 5.874869 2.2 7.245869 5.966673 0.2 7.245869 5.864869 0.2 7.245869 5.966673 2.2 7.245869 5.864869 2.2 7.672716 7.931215 0.2 7.672716 7.531215 0.2 7.672716 7.506215 0.2 7.672716 7.131215 0.2 8.010385 3.738451 0.2 8.010385 2.554996 0.2 8.010385 3.738451 2.2 8.010385 2.554996 2.2 8.020385 3.728451 0.2 8.020385 2.564996 0.2 8.020385 3.728451 2.2 8.020385 2.564996 2.2 8.472715 7.931215 0.2 8.472715 7.531215 0.2 8.472715 7.506215 0.2 8.472715 7.131215 0.2 9.183839 3.728451 0.2 9.183839 2.564996 0.2 9.183839 3.728451 2.2 9.183839 2.564996 2.2 9.193839 3.738451 0.2 9.193839 2.554996 0.2 9.193839 3.738451 2.2 9.193839 2.554996 2.2 10.824373 0.987921 0.2 10.824373 0.977921 0.2 10.824373 0.876239 0.2 10.824373 0.866239 0.2 10.824373 0.987921 2.2 10.824373 0.977921 2.2 10.824373 0.876239 2.2 10.824373 0.866239 2.2 10.938413 8.306747 0.2 10.938413 7.531215 0.2 10.938413 7.506215 0.2 10.938413 -6.293252 0.2 10.938413 8.306747 2 10.938413 -6.293252 2 11.138412 8.506747 0 11.138412 -6.493252 0 11.138412 8.506747 2 11.138412 -6.493252 2</float_array>
            <technique_common>
              <accessor source="#geom_012_positions_array" count="188" stride="3">
                <param name="X" type="float" />
                <param name="Y" type="float" />
                <param name="Z" type="float" />
              </accessor>
            </technique_common>
          </source>
          <source id="geom_012_normals"><float_array id="geom_012_normals_array" count="564">0 0 1 0 0 1 0 0 1 0 0 1 0 0 1 0 0 1 0 0 1 0 0 1 0 0 1 0 0 1 0 0 1 0 0 1 0 0 1 0 0 1 0 0 1 0 0 1 0 0 1 0 0 1 0 0 1 0 0 1 0 0 1 0 0 1 0 0 1 0 0 1 0 0 1 0 0 1 0 0 1 0 0 1 0 0 1 0 0 1 0 0 1 0 0 1 0 0 1 0 0 1 0 0 1 0 0 1 0 0 1 0 0 1 0 0 1 0 0 1 0 0 1 0 0 1 0 0 1 0 0 1 0 0 1 0 0 1 0 0 1 0 0 1 0 0 1 0 0 1 0 0 1 0 0 1 0 0 1 0 0 1 0 0 1 0 0 1 0 0 1 0 0 1 0 0 1 0 0 1 0 0 1 0 0 1 0 0 1 0 0 1 0 0 1 0 0 1 0 0 1 0 0 1 0 0 1 0 0 1 0 0 1 0 0 1 0 0 1 0 0 1 0 0 1 0 0 1 0 0 1 0 0 1 0 0 1 0 0 1 0 0 1 0 0 1 0 0 1 0 0 1 0 0 1 0 0 1 0 0 1 0 0 1 0 0 1 0 0 1 0 0 1 0 0 1 0 0 1 0 0 1 0 0 1 0 0 1 0 0 1 0 0 1 0 0 1 0 0 1 0 0 1 0 0 1 0 0 1 0 0 1 0 0 1 0 0 1 0 0 1 0 0 1 0 0 1 0 0 1 0 0 1 0 0 1 0 0 1 0 0 1 0 0 1 0 0 1 0 0 1 0 0 1 0 0 1 0 0 1 0 0 1 0 0 1 0 0 1 0 0 1 0 0 1 0 0 1 0 0 1 0 0 1 0 0 1 0 0 1 0 0 1 0 0 1 0 0 1 0 0 1 0 0 1 0 0 1 0 0 1 0 0 1 0 0 1 0 0 1 0 0 1 0 0 1 0 0 1 0 0 1 0 0 1 0 0 1 0 0 1 0 0 1 0 0 1 0 0 1 0 0 1 0 0 1 0 0 1 0 0 1 0 0 1 0 0 1 0 0 1 0 0 1 0 0 1 0 0 1 0 0 1 0 0 1 0 0 1 0 0 1 0 0 1 0 0 1 0 0 1 0 0 1 0 0 1 0 0 1 0 0 1 0 0 1 0 0 1 0 0 1 0 0 1 0 0 1 0 0 1 0 0 1 0 0 1 0 0 1 0 0 1 0 0 1 0 0 1 0 0 1 0 0 1 0 0 1 0 0 1 0 0 1</float_array><technique_common><accessor source="#geom_012_normals_array" count="188" stride="3"><param name="X" type="float" /><param name="Y" type="float" /><param name="Z" type="float" /></accessor></technique_common></source><vertices id="geom_012_vertices">
            <input semantic="POSITION" source="#geom_012_positions" />
          </vertices>
          <triangles count="2" material="mat_012">
            <input semantic="VERTEX" source="#geom_012_vertices" offset="0" />
            <input semantic="NORMAL" source="#geom_012_normals" offset="1" /><p>15 15 14 14 9 9 9 9 14 14 8 8</p>
          </triangles>
        </mesh>
      </geometry>

      <geometry id="geom_013" name="material_013">
        <mesh>
          <source id="geom_013_positions">
            <float_array id="geom_013_positions_array" count="564">-3.861588 1.006394 0 -3.861588 -6.493606 0 -3.861588 1.006394 2 -3.861588 -6.493606 2 -3.661588 0.806394 0.2 -3.661588 -6.293606 0.2 -3.661588 -0.591098 0.35 -3.661588 -1.091098 0.35 -3.661588 -0.591098 0.85 -3.661588 -1.091098 0.85 -3.661588 0.806394 2 -3.661588 -6.293606 2 -3.660588 -0.591098 0.35 -3.660588 -1.091098 0.35 -3.660588 -0.591098 0.85 -3.660588 -1.091098 0.85 -3.235118 -0.441098 0.2 -3.235118 -1.241098 0.2 -2.835119 0.806394 0.2 -2.835119 -0.441098 0.2 -2.835119 -1.241098 0.2 -2.835119 -6.293606 0.2 -2.810118 0.806394 0.2 -2.810118 -0.441098 0.2 -2.810118 -1.241098 0.2 -2.810118 -6.293606 0.2 -2.435118 -0.441098 0.2 -2.435118 -1.241098 0.2 -0.308958 -2.431931 0.2 -0.308958 -3.862179 0.2 -0.308958 -2.431931 2.2 -0.308958 -3.862179 2.2 -0.298958 -2.441931 0.2 -0.298958 -3.852179 0.2 -0.298958 -2.441931 2.2 -0.298958 -3.852179 2.2 1.181803 -2.441931 0.2 1.181803 -3.852179 0.2 1.181803 -2.441931 2.2 1.181803 -3.852179 2.2 1.191803 -2.431931 0.2 1.191803 -3.862179 0.2 1.191803 -2.431931 2.2 1.191803 -3.862179 2.2 3.191695 -6.293252 0.2 3.191695 -6.293252 2 3.192086 -6.293606 0.2 3.192086 -6.293606 2 3.245547 -3.700304 0.2 3.245547 -6.293252 0.2 3.245547 -6.293252 2 3.245547 -3.700304 2.2 3.245547 -6.293252 2.2 3.255547 -3.710365 0.2 3.255547 -6.293252 0.2 3.255547 -6.293252 2 3.255547 -3.710365 2.2 3.255547 -6.293252 2.2 3.385315 -3.711154 0.2 3.385315 -6.293252 0.2 3.385315 -6.293252 2 3.385315 -3.711154 2.2 3.385315 -6.293252 2.2 3.395315 -3.701215 0.2 3.395315 -6.293252 0.2 3.395315 -6.293252 2 3.395315 -3.701215 2.2 3.395315 -6.293252 2.2 3.638412 8.506747 0 3.638412 1.006394 0 3.638412 8.506747 2 3.638412 1.006394 2 3.66736 0.816394 2 3.66736 0.816394 2.2 3.674297 0.806394 0.2 3.674297 0.806394 2 3.698638 0.806394 0.2 3.698638 0.806394 2.2 3.710811 -6.493252 0 3.710811 -6.493252 2 3.711201 -6.493606 0 3.711201 -6.493606 2 3.830196 0.800694 0.2 3.830196 0.800694 2.2 3.838412 8.306747 0.2 3.838412 7.531215 0.2 3.838412 7.506215 0.2 3.838412 5.966673 0.2 3.838412 5.956673 0.2 3.838412 5.874869 0.2 3.838412 5.864869 0.2 3.838412 0.816394 0.2 3.838412 0.806394 0.2 3.838412 8.306747 2 3.838412 5.966673 2 3.838412 5.956673 2 3.838412 5.874869 2 3.838412 5.864869 2 3.838412 0.816394 2 3.838412 5.966673 2.2 3.838412 5.956673 2.2 3.838412 5.874869 2.2 3.838412 5.864869 2.2 3.838412 0.806394 2.2 3.843646 0.816394 0.2 3.843646 0.816394 2.2 4.90896 4.70745 0.2 4.90896 3.523995 0.2 4.90896 4.70745 2.2 4.90896 3.523995 2.2 4.91896 4.69745 0.2 4.91896 3.533995 0.2 4.91896 4.69745 2.2 4.91896 3.533995 2.2 5.971413 -2.504815 0.2 5.971413 -2.504815 2.2 5.976646 4.69745 0.2 5.976646 3.533995 0.2 5.976646 4.69745 2.2 5.976646 3.533995 2.2 5.981879 -2.484815 0.2 5.981879 -2.484815 2.2 5.986646 4.70745 0.2 5.986646 3.523995 0.2 5.986646 4.70745 2.2 5.986646 3.523995 2.2 6.109482 -2.484815 0.2 6.109482 -2.484815 2.2 6.147698 -2.504815 0.2 6.147698 -2.504815 2.2 6.918563 0.987921 0.2 6.918563 0.866239 0.2 6.918563 0.987921 2.2 6.918563 0.866239 2.2 6.928563 0.977921 0.2 6.928563 0.876239 0.2 6.928563 0.977921 2.2 6.928563 0.876239 2.2 7.235869 5.956673 0.2 7.235869 5.874869 0.2 7.235869 5.956673 2.2 7.235869 5.874869 2.2 7.245869 5.966673 0.2 7.245869 5.864869 0.2 7.245869 5.966673 2.2 7.245869 5.864869 2.2 7.672716 7.931215 0.2 7.672716 7.531215 0.2 7.672716 7.506215 0.2 7.672716 7.131215 0.2 8.010385 3.738451 0.2 8.010385 2.554996 0.2 8.010385 3.738451 2.2 8.010385 2.554996 2.2 8.020385 3.728451 0.2 8.020385 2.564996 0.2 8.020385 3.728451 2.2 8.020385 2.564996 2.2 8.472715 7.931215 0.2 8.472715 7.531215 0.2 8.472715 7.506215 0.2 8.472715 7.131215 0.2 9.183839 3.728451 0.2 9.183839 2.564996 0.2 9.183839 3.728451 2.2 9.183839 2.564996 2.2 9.193839 3.738451 0.2 9.193839 2.554996 0.2 9.193839 3.738451 2.2 9.193839 2.554996 2.2 10.824373 0.987921 0.2 10.824373 0.977921 0.2 10.824373 0.876239 0.2 10.824373 0.866239 0.2 10.824373 0.987921 2.2 10.824373 0.977921 2.2 10.824373 0.876239 2.2 10.824373 0.866239 2.2 10.938413 8.306747 0.2 10.938413 7.531215 0.2 10.938413 7.506215 0.2 10.938413 -6.293252 0.2 10.938413 8.306747 2 10.938413 -6.293252 2 11.138412 8.506747 0 11.138412 -6.493252 0 11.138412 8.506747 2 11.138412 -6.493252 2</float_array>
            <technique_common>
              <accessor source="#geom_013_positions_array" count="188" stride="3">
                <param name="X" type="float" />
                <param name="Y" type="float" />
                <param name="Z" type="float" />
              </accessor>
            </technique_common>
          </source>
          <source id="geom_013_normals"><float_array id="geom_013_normals_array" count="564">0 0 1 0 0 1 0 0 1 0 0 1 0 0 1 0 0 1 0 0 1 0 -1 0 0 0 1 0 -1 0 0 0 1 0 0 1 0 0 1 0 -1 0 0 0 1 0 -1 0 0 0 1 0 0 1 0 0 1 0 0 1 0 0 1 0 0 1 0 0 1 0 0 1 0 0 1 0 0 1 0 0 1 0 0 1 0 0 1 0 0 1 0 0 1 0 0 1 0 0 1 0 0 1 0 0 1 0 0 1 0 0 1 0 0 1 0 0 1 0 0 1 0 0 1 0 0 1 0 0 1 0 0 1 0 0 1 0 0 1 0 0 1 0 0 1 0 0 1 0 0 1 0 0 1 0 0 1 0 0 1 0 0 1 0 0 1 0 0 1 0 0 1 0 0 1 0 0 1 0 0 1 0 0 1 0 0 1 0 0 1 0 0 1 0 0 1 0 0 1 0 0 1 0 0 1 0 0 1 0 0 1 0 0 1 0 0 1 0 0 1 0 0 1 0 0 1 0 0 1 0 0 1 0 0 1 0 0 1 0 0 1 0 0 1 0 0 1 0 0 1 0 0 1 0 0 1 0 0 1 0 0 1 0 0 1 0 0 1 0 0 1 0 0 1 0 0 1 0 0 1 0 0 1 0 0 1 0 0 1 0 0 1 0 0 1 0 0 1 0 0 1 0 0 1 0 0 1 0 0 1 0 0 1 0 0 1 0 0 1 0 0 1 0 0 1 0 0 1 0 0 1 0 0 1 0 0 1 0 0 1 0 0 1 0 0 1 0 0 1 0 0 1 0 0 1 0 0 1 0 0 1 0 0 1 0 0 1 0 0 1 0 0 1 0 0 1 0 0 1 0 0 1 0 0 1 0 0 1 0 0 1 0 0 1 0 0 1 0 0 1 0 0 1 0 0 1 0 0 1 0 0 1 0 0 1 0 0 1 0 0 1 0 0 1 0 0 1 0 0 1 0 0 1 0 0 1 0 0 1 0 0 1 0 0 1 0 0 1 0 0 1 0 0 1 0 0 1 0 0 1 0 0 1 0 0 1 0 0 1 0 0 1 0 0 1 0 0 1 0 0 1 0 0 1 0 0 1 0 0 1 0 0 1 0 0 1 0 0 1 0 0 1 0 0 1 0 0 1 0 0 1 0 0 1 0 0 1 0 0 1 0 0 1 0 0 1 0 0 1 0 0 1 0 0 1 0 0 1 0 0 1 0 0 1 0 0 1 0 0 1 0 0 1 0 0 1 0 0 1 0 0 1 0 0 1</float_array><technique_common><accessor source="#geom_013_normals_array" count="188" stride="3"><param name="X" type="float" /><param name="Y" type="float" /><param name="Z" type="float" /></accessor></technique_common></source><vertices id="geom_013_vertices">
            <input semantic="POSITION" source="#geom_013_positions" />
          </vertices>
          <triangles count="2" material="mat_013">
            <input semantic="VERTEX" source="#geom_013_vertices" offset="0" />
            <input semantic="NORMAL" source="#geom_013_normals" offset="1" /><p>13 13 15 15 7 7 7 7 15 15 9 9</p>
          </triangles>
        </mesh>
      </geometry>

      <geometry id="geom_014" name="material_014">
        <mesh>
          <source id="geom_014_positions">
            <float_array id="geom_014_positions_array" count="564">-3.861588 1.006394 0 -3.861588 -6.493606 0 -3.861588 1.006394 2 -3.861588 -6.493606 2 -3.661588 0.806394 0.2 -3.661588 -6.293606 0.2 -3.661588 -0.591098 0.35 -3.661588 -1.091098 0.35 -3.661588 -0.591098 0.85 -3.661588 -1.091098 0.85 -3.661588 0.806394 2 -3.661588 -6.293606 2 -3.660588 -0.591098 0.35 -3.660588 -1.091098 0.35 -3.660588 -0.591098 0.85 -3.660588 -1.091098 0.85 -3.235118 -0.441098 0.2 -3.235118 -1.241098 0.2 -2.835119 0.806394 0.2 -2.835119 -0.441098 0.2 -2.835119 -1.241098 0.2 -2.835119 -6.293606 0.2 -2.810118 0.806394 0.2 -2.810118 -0.441098 0.2 -2.810118 -1.241098 0.2 -2.810118 -6.293606 0.2 -2.435118 -0.441098 0.2 -2.435118 -1.241098 0.2 -0.308958 -2.431931 0.2 -0.308958 -3.862179 0.2 -0.308958 -2.431931 2.2 -0.308958 -3.862179 2.2 -0.298958 -2.441931 0.2 -0.298958 -3.852179 0.2 -0.298958 -2.441931 2.2 -0.298958 -3.852179 2.2 1.181803 -2.441931 0.2 1.181803 -3.852179 0.2 1.181803 -2.441931 2.2 1.181803 -3.852179 2.2 1.191803 -2.431931 0.2 1.191803 -3.862179 0.2 1.191803 -2.431931 2.2 1.191803 -3.862179 2.2 3.191695 -6.293252 0.2 3.191695 -6.293252 2 3.192086 -6.293606 0.2 3.192086 -6.293606 2 3.245547 -3.700304 0.2 3.245547 -6.293252 0.2 3.245547 -6.293252 2 3.245547 -3.700304 2.2 3.245547 -6.293252 2.2 3.255547 -3.710365 0.2 3.255547 -6.293252 0.2 3.255547 -6.293252 2 3.255547 -3.710365 2.2 3.255547 -6.293252 2.2 3.385315 -3.711154 0.2 3.385315 -6.293252 0.2 3.385315 -6.293252 2 3.385315 -3.711154 2.2 3.385315 -6.293252 2.2 3.395315 -3.701215 0.2 3.395315 -6.293252 0.2 3.395315 -6.293252 2 3.395315 -3.701215 2.2 3.395315 -6.293252 2.2 3.638412 8.506747 0 3.638412 1.006394 0 3.638412 8.506747 2 3.638412 1.006394 2 3.66736 0.816394 2 3.66736 0.816394 2.2 3.674297 0.806394 0.2 3.674297 0.806394 2 3.698638 0.806394 0.2 3.698638 0.806394 2.2 3.710811 -6.493252 0 3.710811 -6.493252 2 3.711201 -6.493606 0 3.711201 -6.493606 2 3.830196 0.800694 0.2 3.830196 0.800694 2.2 3.838412 8.306747 0.2 3.838412 7.531215 0.2 3.838412 7.506215 0.2 3.838412 5.966673 0.2 3.838412 5.956673 0.2 3.838412 5.874869 0.2 3.838412 5.864869 0.2 3.838412 0.816394 0.2 3.838412 0.806394 0.2 3.838412 8.306747 2 3.838412 5.966673 2 3.838412 5.956673 2 3.838412 5.874869 2 3.838412 5.864869 2 3.838412 0.816394 2 3.838412 5.966673 2.2 3.838412 5.956673 2.2 3.838412 5.874869 2.2 3.838412 5.864869 2.2 3.838412 0.806394 2.2 3.843646 0.816394 0.2 3.843646 0.816394 2.2 4.90896 4.70745 0.2 4.90896 3.523995 0.2 4.90896 4.70745 2.2 4.90896 3.523995 2.2 4.91896 4.69745 0.2 4.91896 3.533995 0.2 4.91896 4.69745 2.2 4.91896 3.533995 2.2 5.971413 -2.504815 0.2 5.971413 -2.504815 2.2 5.976646 4.69745 0.2 5.976646 3.533995 0.2 5.976646 4.69745 2.2 5.976646 3.533995 2.2 5.981879 -2.484815 0.2 5.981879 -2.484815 2.2 5.986646 4.70745 0.2 5.986646 3.523995 0.2 5.986646 4.70745 2.2 5.986646 3.523995 2.2 6.109482 -2.484815 0.2 6.109482 -2.484815 2.2 6.147698 -2.504815 0.2 6.147698 -2.504815 2.2 6.918563 0.987921 0.2 6.918563 0.866239 0.2 6.918563 0.987921 2.2 6.918563 0.866239 2.2 6.928563 0.977921 0.2 6.928563 0.876239 0.2 6.928563 0.977921 2.2 6.928563 0.876239 2.2 7.235869 5.956673 0.2 7.235869 5.874869 0.2 7.235869 5.956673 2.2 7.235869 5.874869 2.2 7.245869 5.966673 0.2 7.245869 5.864869 0.2 7.245869 5.966673 2.2 7.245869 5.864869 2.2 7.672716 7.931215 0.2 7.672716 7.531215 0.2 7.672716 7.506215 0.2 7.672716 7.131215 0.2 8.010385 3.738451 0.2 8.010385 2.554996 0.2 8.010385 3.738451 2.2 8.010385 2.554996 2.2 8.020385 3.728451 0.2 8.020385 2.564996 0.2 8.020385 3.728451 2.2 8.020385 2.564996 2.2 8.472715 7.931215 0.2 8.472715 7.531215 0.2 8.472715 7.506215 0.2 8.472715 7.131215 0.2 9.183839 3.728451 0.2 9.183839 2.564996 0.2 9.183839 3.728451 2.2 9.183839 2.564996 2.2 9.193839 3.738451 0.2 9.193839 2.554996 0.2 9.193839 3.738451 2.2 9.193839 2.554996 2.2 10.824373 0.987921 0.2 10.824373 0.977921 0.2 10.824373 0.876239 0.2 10.824373 0.866239 0.2 10.824373 0.987921 2.2 10.824373 0.977921 2.2 10.824373 0.876239 2.2 10.824373 0.866239 2.2 10.938413 8.306747 0.2 10.938413 7.531215 0.2 10.938413 7.506215 0.2 10.938413 -6.293252 0.2 10.938413 8.306747 2 10.938413 -6.293252 2 11.138412 8.506747 0 11.138412 -6.493252 0 11.138412 8.506747 2 11.138412 -6.493252 2</float_array>
            <technique_common>
              <accessor source="#geom_014_positions_array" count="188" stride="3">
                <param name="X" type="float" />
                <param name="Y" type="float" />
                <param name="Z" type="float" />
              </accessor>
            </technique_common>
          </source>
          <source id="geom_014_normals"><float_array id="geom_014_normals_array" count="564">0 0 1 0 0 1 0 0 1 0 0 1 0 0 1 0 0 1 0 0 -1 0 0 -1 0 0 1 0 0 1 0 0 1 0 0 1 0 0 -1 0 0 -1 0 0 1 0 0 1 0 0 1 0 0 1 0 0 1 0 0 1 0 0 1 0 0 1 0 0 1 0 0 1 0 0 1 0 0 1 0 0 1 0 0 1 0 0 1 0 0 1 0 0 1 0 0 1 0 0 1 0 0 1 0 0 1 0 0 1 0 0 1 0 0 1 0 0 1 0 0 1 0 0 1 0 0 1 0 0 1 0 0 1 0 0 1 0 0 1 0 0 1 0 0 1 0 0 1 0 0 1 0 0 1 0 0 1 0 0 1 0 0 1 0 0 1 0 0 1 0 0 1 0 0 1 0 0 1 0 0 1 0 0 1 0 0 1 0 0 1 0 0 1 0 0 1 0 0 1 0 0 1 0 0 1 0 0 1 0 0 1 0 0 1 0 0 1 0 0 1 0 0 1 0 0 1 0 0 1 0 0 1 0 0 1 0 0 1 0 0 1 0 0 1 0 0 1 0 0 1 0 0 1 0 0 1 0 0 1 0 0 1 0 0 1 0 0 1 0 0 1 0 0 1 0 0 1 0 0 1 0 0 1 0 0 1 0 0 1 0 0 1 0 0 1 0 0 1 0 0 1 0 0 1 0 0 1 0 0 1 0 0 1 0 0 1 0 0 1 0 0 1 0 0 1 0 0 1 0 0 1 0 0 1 0 0 1 0 0 1 0 0 1 0 0 1 0 0 1 0 0 1 0 0 1 0 0 1 0 0 1 0 0 1 0 0 1 0 0 1 0 0 1 0 0 1 0 0 1 0 0 1 0 0 1 0 0 1 0 0 1 0 0 1 0 0 1 0 0 1 0 0 1 0 0 1 0 0 1 0 0 1 0 0 1 0 0 1 0 0 1 0 0 1 0 0 1 0 0 1 0 0 1 0 0 1 0 0 1 0 0 1 0 0 1 0 0 1 0 0 1 0 0 1 0 0 1 0 0 1 0 0 1 0 0 1 0 0 1 0 0 1 0 0 1 0 0 1 0 0 1 0 0 1 0 0 1 0 0 1 0 0 1 0 0 1 0 0 1 0 0 1 0 0 1 0 0 1 0 0 1 0 0 1 0 0 1 0 0 1 0 0 1 0 0 1 0 0 1 0 0 1 0 0 1 0 0 1 0 0 1 0 0 1 0 0 1 0 0 1 0 0 1 0 0 1 0 0 1 0 0 1 0 0 1</float_array><technique_common><accessor source="#geom_014_normals_array" count="188" stride="3"><param name="X" type="float" /><param name="Y" type="float" /><param name="Z" type="float" /></accessor></technique_common></source><vertices id="geom_014_vertices">
            <input semantic="POSITION" source="#geom_014_positions" />
          </vertices>
          <triangles count="2" material="mat_014">
            <input semantic="VERTEX" source="#geom_014_vertices" offset="0" />
            <input semantic="NORMAL" source="#geom_014_normals" offset="1" /><p>12 12 13 13 6 6 6 6 13 13 7 7</p>
          </triangles>
        </mesh>
      </geometry>

      <geometry id="geom_015" name="material_015">
        <mesh>
          <source id="geom_015_positions">
            <float_array id="geom_015_positions_array" count="564">-3.861588 1.006394 0 -3.861588 -6.493606 0 -3.861588 1.006394 2 -3.861588 -6.493606 2 -3.661588 0.806394 0.2 -3.661588 -6.293606 0.2 -3.661588 -0.591098 0.35 -3.661588 -1.091098 0.35 -3.661588 -0.591098 0.85 -3.661588 -1.091098 0.85 -3.661588 0.806394 2 -3.661588 -6.293606 2 -3.660588 -0.591098 0.35 -3.660588 -1.091098 0.35 -3.660588 -0.591098 0.85 -3.660588 -1.091098 0.85 -3.235118 -0.441098 0.2 -3.235118 -1.241098 0.2 -2.835119 0.806394 0.2 -2.835119 -0.441098 0.2 -2.835119 -1.241098 0.2 -2.835119 -6.293606 0.2 -2.810118 0.806394 0.2 -2.810118 -0.441098 0.2 -2.810118 -1.241098 0.2 -2.810118 -6.293606 0.2 -2.435118 -0.441098 0.2 -2.435118 -1.241098 0.2 -0.308958 -2.431931 0.2 -0.308958 -3.862179 0.2 -0.308958 -2.431931 2.2 -0.308958 -3.862179 2.2 -0.298958 -2.441931 0.2 -0.298958 -3.852179 0.2 -0.298958 -2.441931 2.2 -0.298958 -3.852179 2.2 1.181803 -2.441931 0.2 1.181803 -3.852179 0.2 1.181803 -2.441931 2.2 1.181803 -3.852179 2.2 1.191803 -2.431931 0.2 1.191803 -3.862179 0.2 1.191803 -2.431931 2.2 1.191803 -3.862179 2.2 3.191695 -6.293252 0.2 3.191695 -6.293252 2 3.192086 -6.293606 0.2 3.192086 -6.293606 2 3.245547 -3.700304 0.2 3.245547 -6.293252 0.2 3.245547 -6.293252 2 3.245547 -3.700304 2.2 3.245547 -6.293252 2.2 3.255547 -3.710365 0.2 3.255547 -6.293252 0.2 3.255547 -6.293252 2 3.255547 -3.710365 2.2 3.255547 -6.293252 2.2 3.385315 -3.711154 0.2 3.385315 -6.293252 0.2 3.385315 -6.293252 2 3.385315 -3.711154 2.2 3.385315 -6.293252 2.2 3.395315 -3.701215 0.2 3.395315 -6.293252 0.2 3.395315 -6.293252 2 3.395315 -3.701215 2.2 3.395315 -6.293252 2.2 3.638412 8.506747 0 3.638412 1.006394 0 3.638412 8.506747 2 3.638412 1.006394 2 3.66736 0.816394 2 3.66736 0.816394 2.2 3.674297 0.806394 0.2 3.674297 0.806394 2 3.698638 0.806394 0.2 3.698638 0.806394 2.2 3.710811 -6.493252 0 3.710811 -6.493252 2 3.711201 -6.493606 0 3.711201 -6.493606 2 3.830196 0.800694 0.2 3.830196 0.800694 2.2 3.838412 8.306747 0.2 3.838412 7.531215 0.2 3.838412 7.506215 0.2 3.838412 5.966673 0.2 3.838412 5.956673 0.2 3.838412 5.874869 0.2 3.838412 5.864869 0.2 3.838412 0.816394 0.2 3.838412 0.806394 0.2 3.838412 8.306747 2 3.838412 5.966673 2 3.838412 5.956673 2 3.838412 5.874869 2 3.838412 5.864869 2 3.838412 0.816394 2 3.838412 5.966673 2.2 3.838412 5.956673 2.2 3.838412 5.874869 2.2 3.838412 5.864869 2.2 3.838412 0.806394 2.2 3.843646 0.816394 0.2 3.843646 0.816394 2.2 4.90896 4.70745 0.2 4.90896 3.523995 0.2 4.90896 4.70745 2.2 4.90896 3.523995 2.2 4.91896 4.69745 0.2 4.91896 3.533995 0.2 4.91896 4.69745 2.2 4.91896 3.533995 2.2 5.971413 -2.504815 0.2 5.971413 -2.504815 2.2 5.976646 4.69745 0.2 5.976646 3.533995 0.2 5.976646 4.69745 2.2 5.976646 3.533995 2.2 5.981879 -2.484815 0.2 5.981879 -2.484815 2.2 5.986646 4.70745 0.2 5.986646 3.523995 0.2 5.986646 4.70745 2.2 5.986646 3.523995 2.2 6.109482 -2.484815 0.2 6.109482 -2.484815 2.2 6.147698 -2.504815 0.2 6.147698 -2.504815 2.2 6.918563 0.987921 0.2 6.918563 0.866239 0.2 6.918563 0.987921 2.2 6.918563 0.866239 2.2 6.928563 0.977921 0.2 6.928563 0.876239 0.2 6.928563 0.977921 2.2 6.928563 0.876239 2.2 7.235869 5.956673 0.2 7.235869 5.874869 0.2 7.235869 5.956673 2.2 7.235869 5.874869 2.2 7.245869 5.966673 0.2 7.245869 5.864869 0.2 7.245869 5.966673 2.2 7.245869 5.864869 2.2 7.672716 7.931215 0.2 7.672716 7.531215 0.2 7.672716 7.506215 0.2 7.672716 7.131215 0.2 8.010385 3.738451 0.2 8.010385 2.554996 0.2 8.010385 3.738451 2.2 8.010385 2.554996 2.2 8.020385 3.728451 0.2 8.020385 2.564996 0.2 8.020385 3.728451 2.2 8.020385 2.564996 2.2 8.472715 7.931215 0.2 8.472715 7.531215 0.2 8.472715 7.506215 0.2 8.472715 7.131215 0.2 9.183839 3.728451 0.2 9.183839 2.564996 0.2 9.183839 3.728451 2.2 9.183839 2.564996 2.2 9.193839 3.738451 0.2 9.193839 2.554996 0.2 9.193839 3.738451 2.2 9.193839 2.554996 2.2 10.824373 0.987921 0.2 10.824373 0.977921 0.2 10.824373 0.876239 0.2 10.824373 0.866239 0.2 10.824373 0.987921 2.2 10.824373 0.977921 2.2 10.824373 0.876239 2.2 10.824373 0.866239 2.2 10.938413 8.306747 0.2 10.938413 7.531215 0.2 10.938413 7.506215 0.2 10.938413 -6.293252 0.2 10.938413 8.306747 2 10.938413 -6.293252 2 11.138412 8.506747 0 11.138412 -6.493252 0 11.138412 8.506747 2 11.138412 -6.493252 2</float_array>
            <technique_common>
              <accessor source="#geom_015_positions_array" count="188" stride="3">
                <param name="X" type="float" />
                <param name="Y" type="float" />
                <param name="Z" type="float" />
              </accessor>
            </technique_common>
          </source>
          <source id="geom_015_normals"><float_array id="geom_015_normals_array" count="564">0 0 1 0 0 1 0 0 1 0 0 1 0 0 1 0 0 1 0 0 1 0 0 1 0 0 1 0 0 1 0 0 1 0 0 1 1 0 0 1 0 0 1 0 0 1 0 0 0 0 1 0 0 1 0 0 1 0 0 1 0 0 1 0 0 1 0 0 1 0 0 1 0 0 1 0 0 1 0 0 1 0 0 1 0 0 1 0 0 1 0 0 1 0 0 1 0 0 1 0 0 1 0 0 1 0 0 1 0 0 1 0 0 1 0 0 1 0 0 1 0 0 1 0 0 1 0 0 1 0 0 1 0 0 1 0 0 1 0 0 1 0 0 1 0 0 1 0 0 1 0 0 1 0 0 1 0 0 1 0 0 1 0 0 1 0 0 1 0 0 1 0 0 1 0 0 1 0 0 1 0 0 1 0 0 1 0 0 1 0 0 1 0 0 1 0 0 1 0 0 1 0 0 1 0 0 1 0 0 1 0 0 1 0 0 1 0 0 1 0 0 1 0 0 1 0 0 1 0 0 1 0 0 1 0 0 1 0 0 1 0 0 1 0 0 1 0 0 1 0 0 1 0 0 1 0 0 1 0 0 1 0 0 1 0 0 1 0 0 1 0 0 1 0 0 1 0 0 1 0 0 1 0 0 1 0 0 1 0 0 1 0 0 1 0 0 1 0 0 1 0 0 1 0 0 1 0 0 1 0 0 1 0 0 1 0 0 1 0 0 1 0 0 1 0 0 1 0 0 1 0 0 1 0 0 1 0 0 1 0 0 1 0 0 1 0 0 1 0 0 1 0 0 1 0 0 1 0 0 1 0 0 1 0 0 1 0 0 1 0 0 1 0 0 1 0 0 1 0 0 1 0 0 1 0 0 1 0 0 1 0 0 1 0 0 1 0 0 1 0 0 1 0 0 1 0 0 1 0 0 1 0 0 1 0 0 1 0 0 1 0 0 1 0 0 1 0 0 1 0 0 1 0 0 1 0 0 1 0 0 1 0 0 1 0 0 1 0 0 1 0 0 1 0 0 1 0 0 1 0 0 1 0 0 1 0 0 1 0 0 1 0 0 1 0 0 1 0 0 1 0 0 1 0 0 1 0 0 1 0 0 1 0 0 1 0 0 1 0 0 1 0 0 1 0 0 1 0 0 1 0 0 1 0 0 1 0 0 1 0 0 1 0 0 1 0 0 1 0 0 1 0 0 1 0 0 1 0 0 1 0 0 1 0 0 1 0 0 1 0 0 1 0 0 1 0 0 1 0 0 1 0 0 1</float_array><technique_common><accessor source="#geom_015_normals_array" count="188" stride="3"><param name="X" type="float" /><param name="Y" type="float" /><param name="Z" type="float" /></accessor></technique_common></source><vertices id="geom_015_vertices">
            <input semantic="POSITION" source="#geom_015_positions" />
          </vertices>
          <triangles count="2" material="mat_015">
            <input semantic="VERTEX" source="#geom_015_vertices" offset="0" />
            <input semantic="NORMAL" source="#geom_015_normals" offset="1" /><p>15 15 13 13 14 14 14 14 13 13 12 12</p>
          </triangles>
        </mesh>
      </geometry>
  </library_geometries>
  <library_visual_scenes>
    <visual_scene id="Scene" name="Scene">

        <node id="node_000" name="node_000">
          <instance_geometry url="#geom_000">
            <bind_material>
              <technique_common>
                <instance_material symbol="mat_000" target="#mat_000" />
              </technique_common>
            </bind_material>
          </instance_geometry>
        </node>

        <node id="node_001" name="node_001">
          <instance_geometry url="#geom_001">
            <bind_material>
              <technique_common>
                <instance_material symbol="mat_001" target="#mat_001" />
              </technique_common>
            </bind_material>
          </instance_geometry>
        </node>

        <node id="node_002" name="node_002">
          <instance_geometry url="#geom_002">
            <bind_material>
              <technique_common>
                <instance_material symbol="mat_002" target="#mat_002" />
              </technique_common>
            </bind_material>
          </instance_geometry>
        </node>

        <node id="node_003" name="node_003">
          <instance_geometry url="#geom_003">
            <bind_material>
              <technique_common>
                <instance_material symbol="mat_003" target="#mat_003" />
              </technique_common>
            </bind_material>
          </instance_geometry>
        </node>

        <node id="node_004" name="node_004">
          <instance_geometry url="#geom_004">
            <bind_material>
              <technique_common>
                <instance_material symbol="mat_004" target="#mat_004" />
              </technique_common>
            </bind_material>
          </instance_geometry>
        </node>

        <node id="node_005" name="node_005">
          <instance_geometry url="#geom_005">
            <bind_material>
              <technique_common>
                <instance_material symbol="mat_005" target="#mat_005" />
              </technique_common>
            </bind_material>
          </instance_geometry>
        </node>

        <node id="node_006" name="node_006">
          <instance_geometry url="#geom_006">
            <bind_material>
              <technique_common>
                <instance_material symbol="mat_006" target="#mat_006" />
              </technique_common>
            </bind_material>
          </instance_geometry>
        </node>

        <node id="node_007" name="node_007">
          <instance_geometry url="#geom_007">
            <bind_material>
              <technique_common>
                <instance_material symbol="mat_007" target="#mat_007" />
              </technique_common>
            </bind_material>
          </instance_geometry>
        </node>

        <node id="node_008" name="node_008">
          <instance_geometry url="#geom_008">
            <bind_material>
              <technique_common>
                <instance_material symbol="mat_008" target="#mat_008" />
              </technique_common>
            </bind_material>
          </instance_geometry>
        </node>

        <node id="node_009" name="node_009">
          <instance_geometry url="#geom_009">
            <bind_material>
              <technique_common>
                <instance_material symbol="mat_009" target="#mat_009" />
              </technique_common>
            </bind_material>
          </instance_geometry>
        </node>

        <node id="node_010" name="node_010">
          <instance_geometry url="#geom_010">
            <bind_material>
              <technique_common>
                <instance_material symbol="mat_010" target="#mat_010" />
              </technique_common>
            </bind_material>
          </instance_geometry>
        </node>

        <node id="node_011" name="node_011">
          <instance_geometry url="#geom_011">
            <bind_material>
              <technique_common>
                <instance_material symbol="mat_011" target="#mat_011" />
              </technique_common>
            </bind_material>
          </instance_geometry>
        </node>

        <node id="node_012" name="node_012">
          <instance_geometry url="#geom_012">
            <bind_material>
              <technique_common>
                <instance_material symbol="mat_012" target="#mat_012" />
              </technique_common>
            </bind_material>
          </instance_geometry>
        </node>

        <node id="node_013" name="node_013">
          <instance_geometry url="#geom_013">
            <bind_material>
              <technique_common>
                <instance_material symbol="mat_013" target="#mat_013" />
              </technique_common>
            </bind_material>
          </instance_geometry>
        </node>

        <node id="node_014" name="node_014">
          <instance_geometry url="#geom_014">
            <bind_material>
              <technique_common>
                <instance_material symbol="mat_014" target="#mat_014" />
              </technique_common>
            </bind_material>
          </instance_geometry>
        </node>

        <node id="node_015" name="node_015">
          <instance_geometry url="#geom_015">
            <bind_material>
              <technique_common>
                <instance_material symbol="mat_015" target="#mat_015" />
              </technique_common>
            </bind_material>
          </instance_geometry>
        </node>
    </visual_scene>
  </library_visual_scenes>
  <scene>
    <instance_visual_scene url="#Scene" />
  </scene>
</COLLADA>